, ,Number of genomes
0,Cluster 0,1
1,Cluster 1,1
2,Cluster 2,1
3,Cluster 3,1
4,Cluster 4,1
5,Cluster 5,1
6,Cluster 6,1
7,Cluster 7,1
8,Cluster 8,1
9,Cluster 9,1
10,Cluster 10,1
11,Cluster 11,1
12,Cluster 12,1
13,Cluster 13,1
14,Cluster 14,1
15,Cluster 15,1
16,Cluster 16,1
17,Cluster 17,1
18,Cluster 18,1
19,Cluster 19,1
20,Cluster 20,1
21,Cluster 21,1
22,Cluster 22,1
23,Cluster 23,1
24,Cluster 24,1
25,Cluster 25,1
26,Cluster 26,1
27,Cluster 27,1
28,Cluster 28,1
29,Cluster 29,1
30,Cluster 30,1
31,Cluster 31,1
32,Cluster 32,1
33,Cluster 33,2
34,Cluster 34,1
35,Cluster 35,1
36,Cluster 36,1
37,Cluster 37,1
38,Cluster 38,1
39,Cluster 39,1
40,Cluster 40,1
41,Cluster 41,1
42,Cluster 42,1
43,Cluster 43,1
44,Cluster 44,1
45,Cluster 45,1
46,Cluster 46,1
47,Cluster 47,1
48,Cluster 48,1
49,Cluster 49,1
50,Cluster 50,1
51,Cluster 51,1
52,Cluster 52,1
53,Cluster 53,1
54,Cluster 54,1
55,Cluster 55,1
56,Cluster 56,1
57,Cluster 57,1
58,Cluster 58,1
59,Cluster 59,1
60,Cluster 60,1
61,Cluster 61,1
62,Cluster 62,1
63,Cluster 63,1
64,Cluster 64,1
65,Cluster 65,1
66,Cluster 66,1
67,Cluster 67,1
68,Cluster 68,1
69,Cluster 69,1
70,Cluster 70,1
71,Cluster 71,1
72,Cluster 72,1
73,Cluster 73,1
74,Cluster 74,1
75,Cluster 75,1
76,Cluster 76,1
77,Cluster 77,1
78,Cluster 78,1
79,Cluster 79,1
80,Cluster 80,1
81,Cluster 81,1
82,Cluster 82,1
83,Cluster 83,1
84,Cluster 84,1
85,Cluster 85,1
86,Cluster 86,1
87,Cluster 87,1
88,Cluster 88,1
89,Cluster 89,1
90,Cluster 90,1
91,Cluster 91,1
92,Cluster 92,1
93,Cluster 93,1
94,Cluster 94,1
95,Cluster 95,1
96,Cluster 96,1
97,Cluster 97,1
98,Cluster 98,1
99,Cluster 99,1
100,Cluster 100,1
101,Cluster 101,1
102,Cluster 102,1
103,Cluster 103,1
104,Cluster 104,1
105,Cluster 105,1
106,Cluster 106,1
107,Cluster 107,1
108,Cluster 108,1
109,Cluster 109,1
110,Cluster 110,1
111,Cluster 111,1
112,Cluster 112,1
113,Cluster 113,1
114,Cluster 114,1
115,Cluster 115,1
116,Cluster 116,1
117,Cluster 117,1
118,Cluster 118,1
119,Cluster 119,1
120,Cluster 120,1
121,Cluster 121,1
122,Cluster 122,1
123,Cluster 123,1
124,Cluster 124,1
125,Cluster 125,1
126,Cluster 126,1
127,Cluster 127,1
128,Cluster 128,1
129,Cluster 129,1
130,Cluster 130,1
131,Cluster 131,1
132,Cluster 132,1
133,Cluster 133,1
134,Cluster 134,1
135,Cluster 135,1
136,Cluster 136,1
137,Cluster 137,1
138,Cluster 138,1
139,Cluster 139,1
140,Cluster 140,1
141,Cluster 141,1
142,Cluster 142,1
143,Cluster 143,1
144,Cluster 144,1
145,Cluster 145,1
146,Cluster 146,1
147,Cluster 147,1
148,Cluster 148,1
149,Cluster 149,1
150,Cluster 150,1
151,Cluster 151,1
152,Cluster 152,1
153,Cluster 153,1
154,Cluster 154,2
155,Cluster 155,1
156,Cluster 156,1
157,Cluster 157,1
158,Cluster 158,1
159,Cluster 159,1
160,Cluster 160,1
161,Cluster 161,1
162,Cluster 162,1
163,Cluster 163,1
164,Cluster 164,1
165,Cluster 165,1
166,Cluster 166,1
167,Cluster 167,1
168,Cluster 168,1
169,Cluster 169,1
170,Cluster 170,1
171,Cluster 171,1
172,Cluster 172,1
173,Cluster 173,1
174,Cluster 174,1
175,Cluster 175,1
176,Cluster 176,1
177,Cluster 177,1
178,Cluster 178,1
179,Cluster 179,1
180,Cluster 180,1
181,Cluster 181,1
182,Cluster 182,2
183,Cluster 183,1
184,Cluster 184,1
185,Cluster 185,1
186,Cluster 186,1
187,Cluster 187,1
188,Cluster 188,1
189,Cluster 189,1
190,Cluster 190,1
191,Cluster 191,1
192,Cluster 192,1
193,Cluster 193,1
194,Cluster 194,1
195,Cluster 195,1
196,Cluster 196,1
197,Cluster 197,1
198,Cluster 198,1
199,Cluster 199,1
200,Cluster 200,1
201,Cluster 201,1
202,Cluster 202,1
203,Cluster 203,1
204,Cluster 204,1
205,Cluster 205,1
206,Cluster 206,1
207,Cluster 207,1
208,Cluster 208,1
209,Cluster 209,1
210,Cluster 210,1
211,Cluster 211,1
212,Cluster 212,1
213,Cluster 213,1
214,Cluster 214,1
215,Cluster 215,1
216,Cluster 216,1
217,Cluster 217,1
218,Cluster 218,1
219,Cluster 219,1
220,Cluster 220,1
221,Cluster 221,1
222,Cluster 222,1
223,Cluster 223,1
224,Cluster 224,1
225,Cluster 225,1
226,Cluster 226,1
227,Cluster 227,1
228,Cluster 228,1
229,Cluster 229,1
230,Cluster 230,1
231,Cluster 231,2
232,Cluster 232,1
233,Cluster 233,1
234,Cluster 234,1
235,Cluster 235,1
236,Cluster 236,1
237,Cluster 237,1
238,Cluster 238,1
239,Cluster 239,1
240,Cluster 240,1
241,Cluster 241,1
242,Cluster 242,1
243,Cluster 243,1
244,Cluster 244,1
245,Cluster 245,1
246,Cluster 246,1
247,Cluster 247,1
248,Cluster 248,1
249,Cluster 249,1
250,Cluster 250,1
251,Cluster 251,1
252,Cluster 252,1
253,Cluster 253,1
254,Cluster 254,1
255,Cluster 255,1
256,Cluster 256,1
257,Cluster 257,1
258,Cluster 258,1
259,Cluster 259,1
260,Cluster 260,1
261,Cluster 261,1
262,Cluster 262,1
263,Cluster 263,1
264,Cluster 264,1
265,Cluster 265,1
266,Cluster 266,1
267,Cluster 267,1
268,Cluster 268,1
269,Cluster 269,1
270,Cluster 270,1
271,Cluster 271,1
272,Cluster 272,1
273,Cluster 273,1
274,Cluster 274,1
275,Cluster 275,1
276,Cluster 276,1
277,Cluster 277,1
278,Cluster 278,1
279,Cluster 279,1
280,Cluster 280,1
281,Cluster 281,1
282,Cluster 282,1
283,Cluster 283,1
284,Cluster 284,1
285,Cluster 285,1
286,Cluster 286,1
287,Cluster 287,1
288,Cluster 288,1
289,Cluster 289,1
290,Cluster 290,1
291,Cluster 291,1
292,Cluster 292,1
293,Cluster 293,1
294,Cluster 294,1
295,Cluster 295,1
296,Cluster 296,1
297,Cluster 297,1
298,Cluster 298,1
299,Cluster 299,1
300,Cluster 300,1
301,Cluster 301,1
302,Cluster 302,1
303,Cluster 303,1
304,Cluster 304,1
305,Cluster 305,1
306,Cluster 306,1
307,Cluster 307,1
308,Cluster 308,1
309,Cluster 309,1
310,Cluster 310,1
311,Cluster 311,1
312,Cluster 312,1
313,Cluster 313,1
314,Cluster 314,1
315,Cluster 315,1
316,Cluster 316,1
317,Cluster 317,1
318,Cluster 318,1
319,Cluster 319,1
320,Cluster 320,1
321,Cluster 321,1
322,Cluster 322,1
323,Cluster 323,1
324,Cluster 324,1
325,Cluster 325,1
326,Cluster 326,1
327,Cluster 327,1
328,Cluster 328,1
329,Cluster 329,1
330,Cluster 330,1
331,Cluster 331,1
332,Cluster 332,1
333,Cluster 333,1
334,Cluster 334,1
335,Cluster 335,1
336,Cluster 336,1
337,Cluster 337,1
338,Cluster 338,1
339,Cluster 339,1
340,Cluster 340,1
341,Cluster 341,1
342,Cluster 342,1
343,Cluster 343,1
344,Cluster 344,1
345,Cluster 345,1
346,Cluster 346,1
347,Cluster 347,1
348,Cluster 348,1
349,Cluster 349,1
350,Cluster 350,1
351,Cluster 351,1
352,Cluster 352,1
353,Cluster 353,1
354,Cluster 354,1
355,Cluster 355,1
356,Cluster 356,1
357,Cluster 357,1
358,Cluster 358,1
359,Cluster 359,1
360,Cluster 360,1
361,Cluster 361,1
362,Cluster 362,1
363,Cluster 363,1
364,Cluster 364,1
365,Cluster 365,1
366,Cluster 366,1
367,Cluster 367,1
368,Cluster 368,1
369,Cluster 369,1
370,Cluster 370,1
371,Cluster 371,1
372,Cluster 372,1
373,Cluster 373,1
374,Cluster 374,2
375,Cluster 375,1
376,Cluster 376,1
377,Cluster 377,1
378,Cluster 378,1
379,Cluster 379,1
380,Cluster 380,1
381,Cluster 381,1
382,Cluster 382,1
383,Cluster 383,1
384,Cluster 384,1
385,Cluster 385,1
386,Cluster 386,1
387,Cluster 387,1
388,Cluster 388,1
389,Cluster 389,1
390,Cluster 390,1
391,Cluster 391,1
392,Cluster 392,1
393,Cluster 393,1
394,Cluster 394,1
395,Cluster 395,1
396,Cluster 396,1
397,Cluster 397,1
398,Cluster 398,1
399,Cluster 399,1
400,Cluster 400,1
401,Cluster 401,1
402,Cluster 402,1
403,Cluster 403,1
404,Cluster 404,1
405,Cluster 405,1
406,Cluster 406,1
407,Cluster 407,1
408,Cluster 408,1
409,Cluster 409,1
410,Cluster 410,1
411,Cluster 411,1
412,Cluster 412,1
413,Cluster 413,1
414,Cluster 414,2
415,Cluster 415,1
416,Cluster 416,1
417,Cluster 417,1
418,Cluster 418,1
419,Cluster 419,1
420,Cluster 420,1
421,Cluster 421,1
422,Cluster 422,1
423,Cluster 423,1
424,Cluster 424,2
425,Cluster 425,1
426,Cluster 426,1
427,Cluster 427,2
428,Cluster 428,1
429,Cluster 429,1
430,Cluster 430,1
431,Cluster 431,1
432,Cluster 432,1
433,Cluster 433,1
434,Cluster 434,1
435,Cluster 435,1
436,Cluster 436,1
437,Cluster 437,1
438,Cluster 438,1
439,Cluster 439,1
440,Cluster 440,1
441,Cluster 441,1
442,Cluster 442,1
443,Cluster 443,1
444,Cluster 444,1
445,Cluster 445,1
446,Cluster 446,1
447,Cluster 447,1
448,Cluster 448,1
449,Cluster 449,1
450,Cluster 450,1
451,Cluster 451,1
452,Cluster 452,1
453,Cluster 453,1
454,Cluster 454,1
455,Cluster 455,1
456,Cluster 456,1
457,Cluster 457,1
458,Cluster 458,1
459,Cluster 459,1
460,Cluster 460,1
461,Cluster 461,1
462,Cluster 462,1
463,Cluster 463,1
464,Cluster 464,1
465,Cluster 465,1
466,Cluster 466,1
467,Cluster 467,1
468,Cluster 468,1
469,Cluster 469,1
470,Cluster 470,1
471,Cluster 471,1
472,Cluster 472,1
473,Cluster 473,1
474,Cluster 474,1
475,Cluster 475,1
476,Cluster 476,1
477,Cluster 477,1
478,Cluster 478,1
479,Cluster 479,1
480,Cluster 480,1
481,Cluster 481,1
482,Cluster 482,1
483,Cluster 483,1
484,Cluster 484,1
485,Cluster 485,1
486,Cluster 486,1
487,Cluster 487,1
488,Cluster 488,1
489,Cluster 489,1
490,Cluster 490,1
491,Cluster 491,1
492,Cluster 492,1
493,Cluster 493,1
494,Cluster 494,1
495,Cluster 495,1
496,Cluster 496,1
497,Cluster 497,1
498,Cluster 498,1
499,Cluster 499,1
500,Cluster 500,1
501,Cluster 501,1
502,Cluster 502,1
503,Cluster 503,1
504,Cluster 504,1
505,Cluster 505,1
506,Cluster 506,1
507,Cluster 507,1
508,Cluster 508,1
509,Cluster 509,1
510,Cluster 510,1
511,Cluster 511,1
512,Cluster 512,1
513,Cluster 513,1
514,Cluster 514,1
515,Cluster 515,1
516,Cluster 516,1
517,Cluster 517,1
518,Cluster 518,1
519,Cluster 519,1
520,Cluster 520,1
521,Cluster 521,1
522,Cluster 522,1
523,Cluster 523,1
524,Cluster 524,1
525,Cluster 525,1
526,Cluster 526,1
527,Cluster 527,1
528,Cluster 528,1
529,Cluster 529,1
530,Cluster 530,1
531,Cluster 531,1
532,Cluster 532,1
533,Cluster 533,1
534,Cluster 534,1
535,Cluster 535,1
536,Cluster 536,2
537,Cluster 537,1
538,Cluster 538,1
539,Cluster 539,1
540,Cluster 540,1
541,Cluster 541,1
542,Cluster 542,1
543,Cluster 543,1
544,Cluster 544,1
545,Cluster 545,1
546,Cluster 546,1
547,Cluster 547,1
548,Cluster 548,1
549,Cluster 549,1
550,Cluster 550,1
551,Cluster 551,1
552,Cluster 552,1
553,Cluster 553,1
554,Cluster 554,1
555,Cluster 555,1
556,Cluster 556,1
557,Cluster 557,1
558,Cluster 558,1
559,Cluster 559,1
560,Cluster 560,1
561,Cluster 561,1
562,Cluster 562,1
563,Cluster 563,1
564,Cluster 564,1
565,Cluster 565,1
566,Cluster 566,1
567,Cluster 567,1
568,Cluster 568,1
569,Cluster 569,1
570,Cluster 570,1
571,Cluster 571,1
572,Cluster 572,1
573,Cluster 573,1
574,Cluster 574,1
575,Cluster 575,1
576,Cluster 576,1
577,Cluster 577,1
578,Cluster 578,1
579,Cluster 579,1
580,Cluster 580,1
581,Cluster 581,1
582,Cluster 582,1
583,Cluster 583,1
584,Cluster 584,1
585,Cluster 585,1
586,Cluster 586,1
587,Cluster 587,1
588,Cluster 588,1
589,Cluster 589,1
590,Cluster 590,1
591,Cluster 591,1
592,Cluster 592,1
593,Cluster 593,1
594,Cluster 594,1
595,Cluster 595,1
596,Cluster 596,1
597,Cluster 597,1
598,Cluster 598,1
599,Cluster 599,1
600,Cluster 600,1
601,Cluster 601,1
602,Cluster 602,1
603,Cluster 603,1
604,Cluster 604,1
605,Cluster 605,1
606,Cluster 606,1
607,Cluster 607,1
608,Cluster 608,1
609,Cluster 609,1
610,Cluster 610,1
611,Cluster 611,1
612,Cluster 612,1
613,Cluster 613,1
614,Cluster 614,1
615,Cluster 615,1
616,Cluster 616,1
617,Cluster 617,1
618,Cluster 618,1
619,Cluster 619,1
620,Cluster 620,1
621,Cluster 621,1
622,Cluster 622,1
623,Cluster 623,1
624,Cluster 624,1
625,Cluster 625,1
626,Cluster 626,1
627,Cluster 627,1
628,Cluster 628,1
629,Cluster 629,1
630,Cluster 630,1
631,Cluster 631,1
632,Cluster 632,1
633,Cluster 633,1
634,Cluster 634,1
635,Cluster 635,1
636,Cluster 636,1
637,Cluster 637,1
638,Cluster 638,1
639,Cluster 639,1
640,Cluster 640,1
641,Cluster 641,1
642,Cluster 642,1
643,Cluster 643,1
644,Cluster 644,1
645,Cluster 645,1
646,Cluster 646,1
647,Cluster 647,1
648,Cluster 648,1
649,Cluster 649,1
650,Cluster 650,1
651,Cluster 651,1
652,Cluster 652,1
653,Cluster 653,1
654,Cluster 654,1
655,Cluster 655,1
656,Cluster 656,1
657,Cluster 657,1
658,Cluster 658,1
659,Cluster 659,1
660,Cluster 660,1
661,Cluster 661,1
662,Cluster 662,1
663,Cluster 663,1
664,Cluster 664,1
665,Cluster 665,1
666,Cluster 666,1
667,Cluster 667,1
668,Cluster 668,1
669,Cluster 669,1
670,Cluster 670,1
671,Cluster 671,1
672,Cluster 672,1
673,Cluster 673,1
674,Cluster 674,1
675,Cluster 675,1
676,Cluster 676,1
677,Cluster 677,1
678,Cluster 678,1
679,Cluster 679,1
680,Cluster 680,1
681,Cluster 681,1
682,Cluster 682,1
683,Cluster 683,1
684,Cluster 684,1
685,Cluster 685,1
686,Cluster 686,1
687,Cluster 687,1
688,Cluster 688,1
689,Cluster 689,1
690,Cluster 690,1
691,Cluster 691,1
692,Cluster 692,1
693,Cluster 693,1
694,Cluster 694,1
695,Cluster 695,1
696,Cluster 696,1
697,Cluster 697,1
698,Cluster 698,1
699,Cluster 699,1
700,Cluster 700,1
701,Cluster 701,1
702,Cluster 702,1
703,Cluster 703,1
704,Cluster 704,1
705,Cluster 705,1
706,Cluster 706,1
707,Cluster 707,1
708,Cluster 708,1
709,Cluster 709,1
710,Cluster 710,1
711,Cluster 711,1
712,Cluster 712,1
713,Cluster 713,1
714,Cluster 714,1
715,Cluster 715,1
716,Cluster 716,1
717,Cluster 717,1
718,Cluster 718,1
719,Cluster 719,1
720,Cluster 720,1
721,Cluster 721,1
722,Cluster 722,1
723,Cluster 723,1
724,Cluster 724,1
725,Cluster 725,1
726,Cluster 726,1
727,Cluster 727,1
728,Cluster 728,1
729,Cluster 729,1
730,Cluster 730,1
731,Cluster 731,1
732,Cluster 732,1
733,Cluster 733,1
734,Cluster 734,1
735,Cluster 735,1
736,Cluster 736,1
737,Cluster 737,1
738,Cluster 738,1
739,Cluster 739,1
740,Cluster 740,1
741,Cluster 741,1
742,Cluster 742,1
743,Cluster 743,1
744,Cluster 744,1
745,Cluster 745,1
746,Cluster 746,1
747,Cluster 747,1
748,Cluster 748,1
749,Cluster 749,1
750,Cluster 750,1
751,Cluster 751,1
752,Cluster 752,1
753,Cluster 753,1
754,Cluster 754,1
755,Cluster 755,1
756,Cluster 756,1
757,Cluster 757,1
758,Cluster 758,1
759,Cluster 759,1
760,Cluster 760,1
761,Cluster 761,1
762,Cluster 762,1
763,Cluster 763,1
764,Cluster 764,1
765,Cluster 765,1
766,Cluster 766,1
767,Cluster 767,1
768,Cluster 768,1
769,Cluster 769,1
770,Cluster 770,1
771,Cluster 771,1
772,Cluster 772,1
773,Cluster 773,1
774,Cluster 774,1
775,Cluster 775,1
776,Cluster 776,1
777,Cluster 777,1
778,Cluster 778,1
779,Cluster 779,1
780,Cluster 780,1
781,Cluster 781,1
782,Cluster 782,1
783,Cluster 783,1
784,Cluster 784,1
785,Cluster 785,1
786,Cluster 786,1
787,Cluster 787,1
788,Cluster 788,1
789,Cluster 789,1
790,Cluster 790,1
791,Cluster 791,1
792,Cluster 792,1
793,Cluster 793,1
794,Cluster 794,1
795,Cluster 795,1
796,Cluster 796,1
797,Cluster 797,1
798,Cluster 798,1
799,Cluster 799,1
800,Cluster 800,1
801,Cluster 801,1
802,Cluster 802,1
803,Cluster 803,1
804,Cluster 804,1
805,Cluster 805,1
806,Cluster 806,1
807,Cluster 807,1
808,Cluster 808,1
809,Cluster 809,1
810,Cluster 810,1
811,Cluster 811,1
812,Cluster 812,1
813,Cluster 813,1
814,Cluster 814,1
815,Cluster 815,1
816,Cluster 816,1
817,Cluster 817,2
818,Cluster 818,1
819,Cluster 819,1
820,Cluster 820,1
821,Cluster 821,1
822,Cluster 822,1
823,Cluster 823,1
824,Cluster 824,1
825,Cluster 825,1
826,Cluster 826,1
827,Cluster 827,1
828,Cluster 828,1
829,Cluster 829,1
830,Cluster 830,1
831,Cluster 831,1
832,Cluster 832,1
833,Cluster 833,1
834,Cluster 834,1
835,Cluster 835,1
836,Cluster 836,1
837,Cluster 837,1
838,Cluster 838,1
839,Cluster 839,1
840,Cluster 840,1
841,Cluster 841,1
842,Cluster 842,1
843,Cluster 843,1
844,Cluster 844,1
845,Cluster 845,1
846,Cluster 846,1
847,Cluster 847,1
848,Cluster 848,2
849,Cluster 849,1
850,Cluster 850,1
851,Cluster 851,1
852,Cluster 852,1
853,Cluster 853,1
854,Cluster 854,1
855,Cluster 855,1
856,Cluster 856,1
857,Cluster 857,1
858,Cluster 858,1
859,Cluster 859,1
860,Cluster 860,1
861,Cluster 861,1
862,Cluster 862,1
863,Cluster 863,1
864,Cluster 864,1
865,Cluster 865,1
866,Cluster 866,1
867,Cluster 867,1
868,Cluster 868,1
869,Cluster 869,1
870,Cluster 870,1
871,Cluster 871,1
872,Cluster 872,1
873,Cluster 873,1
874,Cluster 874,1
875,Cluster 875,1
876,Cluster 876,2
877,Cluster 877,1
878,Cluster 878,1
879,Cluster 879,1
880,Cluster 880,1
881,Cluster 881,1
882,Cluster 882,1
883,Cluster 883,1
884,Cluster 884,1
885,Cluster 885,1
886,Cluster 886,1
887,Cluster 887,1
888,Cluster 888,1
889,Cluster 889,1
890,Cluster 890,1
891,Cluster 891,1
892,Cluster 892,1
893,Cluster 893,1
894,Cluster 894,1
895,Cluster 895,1
896,Cluster 896,1
897,Cluster 897,1
898,Cluster 898,1
899,Cluster 899,1
900,Cluster 900,1
901,Cluster 901,1
902,Cluster 902,1
903,Cluster 903,2
904,Cluster 904,1
905,Cluster 905,1
906,Cluster 906,1
907,Cluster 907,1
908,Cluster 908,1
909,Cluster 909,1
910,Cluster 910,1
911,Cluster 911,1
912,Cluster 912,1
913,Cluster 913,1
914,Cluster 914,1
915,Cluster 915,1
916,Cluster 916,1
917,Cluster 917,1
918,Cluster 918,1
919,Cluster 919,1
920,Cluster 920,1
921,Cluster 921,1
922,Cluster 922,1
923,Cluster 923,1
924,Cluster 924,1
925,Cluster 925,1
926,Cluster 926,1
927,Cluster 927,1
928,Cluster 928,1
929,Cluster 929,1
930,Cluster 930,1
931,Cluster 931,1
932,Cluster 932,1
933,Cluster 933,1
934,Cluster 934,1
935,Cluster 935,1
936,Cluster 936,1
937,Cluster 937,1
938,Cluster 938,1
939,Cluster 939,1
940,Cluster 940,1
941,Cluster 941,1
942,Cluster 942,1
943,Cluster 943,1
944,Cluster 944,1
945,Cluster 945,1
946,Cluster 946,1
947,Cluster 947,1
948,Cluster 948,2
949,Cluster 949,1
950,Cluster 950,1
951,Cluster 951,1
952,Cluster 952,1
953,Cluster 953,1
954,Cluster 954,1
955,Cluster 955,1
956,Cluster 956,1
957,Cluster 957,1
958,Cluster 958,1
959,Cluster 959,1
960,Cluster 960,1
961,Cluster 961,1
962,Cluster 962,1
963,Cluster 963,1
964,Cluster 964,1
965,Cluster 965,1
966,Cluster 966,1
967,Cluster 967,2
968,Cluster 968,1
969,Cluster 969,1
970,Cluster 970,1
971,Cluster 971,1
972,Cluster 972,1
973,Cluster 973,1
974,Cluster 974,1
975,Cluster 975,1
976,Cluster 976,1
977,Cluster 977,1
978,Cluster 978,1
979,Cluster 979,1
980,Cluster 980,1
981,Cluster 981,1
982,Cluster 982,1
983,Cluster 983,1
984,Cluster 984,1
985,Cluster 985,1
986,Cluster 986,1
987,Cluster 987,1
988,Cluster 988,1
989,Cluster 989,1
990,Cluster 990,1
991,Cluster 991,1
992,Cluster 992,1
993,Cluster 993,1
994,Cluster 994,1
995,Cluster 995,1
996,Cluster 996,1
997,Cluster 997,1
998,Cluster 998,1
999,Cluster 999,1
1000,Cluster 1000,1
1001,Cluster 1001,1
1002,Cluster 1002,1
1003,Cluster 1003,1
1004,Cluster 1004,1
1005,Cluster 1005,1
1006,Cluster 1006,1
1007,Cluster 1007,1
1008,Cluster 1008,1
1009,Cluster 1009,1
1010,Cluster 1010,1
1011,Cluster 1011,1
1012,Cluster 1012,1
1013,Cluster 1013,1
1014,Cluster 1014,1
1015,Cluster 1015,1
1016,Cluster 1016,1
1017,Cluster 1017,1
1018,Cluster 1018,1
1019,Cluster 1019,1
1020,Cluster 1020,1
1021,Cluster 1021,1
1022,Cluster 1022,1
1023,Cluster 1023,1
1024,Cluster 1024,1
1025,Cluster 1025,1
1026,Cluster 1026,1
1027,Cluster 1027,1
1028,Cluster 1028,1
1029,Cluster 1029,1
1030,Cluster 1030,1
1031,Cluster 1031,1
1032,Cluster 1032,1
1033,Cluster 1033,1
1034,Cluster 1034,1
1035,Cluster 1035,1
1036,Cluster 1036,1
1037,Cluster 1037,1
1038,Cluster 1038,1
1039,Cluster 1039,1
1040,Cluster 1040,1
1041,Cluster 1041,1
1042,Cluster 1042,1
1043,Cluster 1043,1
1044,Cluster 1044,1
1045,Cluster 1045,1
1046,Cluster 1046,1
1047,Cluster 1047,1
1048,Cluster 1048,1
1049,Cluster 1049,1
1050,Cluster 1050,1
1051,Cluster 1051,1
1052,Cluster 1052,1
1053,Cluster 1053,1
1054,Cluster 1054,1
1055,Cluster 1055,1
1056,Cluster 1056,1
1057,Cluster 1057,1
1058,Cluster 1058,1
1059,Cluster 1059,1
1060,Cluster 1060,1
1061,Cluster 1061,1
1062,Cluster 1062,1
1063,Cluster 1063,1
1064,Cluster 1064,1
1065,Cluster 1065,1
1066,Cluster 1066,2
1067,Cluster 1067,1
1068,Cluster 1068,1
1069,Cluster 1069,1
1070,Cluster 1070,1
1071,Cluster 1071,1
1072,Cluster 1072,1
1073,Cluster 1073,1
1074,Cluster 1074,1
1075,Cluster 1075,1
1076,Cluster 1076,1
1077,Cluster 1077,1
1078,Cluster 1078,1
1079,Cluster 1079,1
1080,Cluster 1080,1
1081,Cluster 1081,1
1082,Cluster 1082,1
1083,Cluster 1083,1
1084,Cluster 1084,1
1085,Cluster 1085,1
1086,Cluster 1086,1
1087,Cluster 1087,1
1088,Cluster 1088,1
1089,Cluster 1089,1
1090,Cluster 1090,1
1091,Cluster 1091,1
1092,Cluster 1092,1
1093,Cluster 1093,1
1094,Cluster 1094,1
1095,Cluster 1095,1
1096,Cluster 1096,1
1097,Cluster 1097,1
1098,Cluster 1098,1
1099,Cluster 1099,1
1100,Cluster 1100,1
1101,Cluster 1101,1
1102,Cluster 1102,1
1103,Cluster 1103,1
1104,Cluster 1104,1
1105,Cluster 1105,1
1106,Cluster 1106,1
1107,Cluster 1107,1
1108,Cluster 1108,1
1109,Cluster 1109,1
1110,Cluster 1110,1
1111,Cluster 1111,1
1112,Cluster 1112,1
1113,Cluster 1113,1
1114,Cluster 1114,1
1115,Cluster 1115,1
1116,Cluster 1116,1
1117,Cluster 1117,1
1118,Cluster 1118,1
1119,Cluster 1119,1
1120,Cluster 1120,1
1121,Cluster 1121,1
1122,Cluster 1122,1
1123,Cluster 1123,1
1124,Cluster 1124,1
1125,Cluster 1125,1
1126,Cluster 1126,1
1127,Cluster 1127,1
1128,Cluster 1128,1
1129,Cluster 1129,1
1130,Cluster 1130,1
1131,Cluster 1131,1
1132,Cluster 1132,1
1133,Cluster 1133,1
1134,Cluster 1134,1
1135,Cluster 1135,1
1136,Cluster 1136,1
1137,Cluster 1137,1
1138,Cluster 1138,1
1139,Cluster 1139,1
1140,Cluster 1140,1
1141,Cluster 1141,1
1142,Cluster 1142,1
1143,Cluster 1143,1
1144,Cluster 1144,1
1145,Cluster 1145,1
1146,Cluster 1146,1
1147,Cluster 1147,1
1148,Cluster 1148,1
1149,Cluster 1149,1
1150,Cluster 1150,1
1151,Cluster 1151,1
1152,Cluster 1152,1
1153,Cluster 1153,1
1154,Cluster 1154,1
1155,Cluster 1155,1
1156,Cluster 1156,1
1157,Cluster 1157,1
1158,Cluster 1158,1
1159,Cluster 1159,1
1160,Cluster 1160,1
1161,Cluster 1161,1
1162,Cluster 1162,1
1163,Cluster 1163,1
1164,Cluster 1164,1
1165,Cluster 1165,1
1166,Cluster 1166,1
1167,Cluster 1167,1
1168,Cluster 1168,1
1169,Cluster 1169,1
1170,Cluster 1170,1
1171,Cluster 1171,1
1172,Cluster 1172,1
1173,Cluster 1173,1
1174,Cluster 1174,1
1175,Cluster 1175,1
1176,Cluster 1176,1
1177,Cluster 1177,1
1178,Cluster 1178,1
1179,Cluster 1179,1
1180,Cluster 1180,1
1181,Cluster 1181,1
1182,Cluster 1182,1
1183,Cluster 1183,1
1184,Cluster 1184,1
1185,Cluster 1185,1
1186,Cluster 1186,1
1187,Cluster 1187,1
1188,Cluster 1188,1
1189,Cluster 1189,1
1190,Cluster 1190,1
1191,Cluster 1191,1
1192,Cluster 1192,1
1193,Cluster 1193,1
1194,Cluster 1194,1
1195,Cluster 1195,1
1196,Cluster 1196,1
1197,Cluster 1197,1
1198,Cluster 1198,1
1199,Cluster 1199,1
1200,Cluster 1200,1
1201,Cluster 1201,1
1202,Cluster 1202,1
1203,Cluster 1203,1
1204,Cluster 1204,1
1205,Cluster 1205,1
1206,Cluster 1206,1
1207,Cluster 1207,1
1208,Cluster 1208,1
1209,Cluster 1209,1
1210,Cluster 1210,1
1211,Cluster 1211,1
1212,Cluster 1212,1
1213,Cluster 1213,1
1214,Cluster 1214,1
1215,Cluster 1215,1
1216,Cluster 1216,1
1217,Cluster 1217,1
1218,Cluster 1218,1
1219,Cluster 1219,1
1220,Cluster 1220,1
1221,Cluster 1221,1
1222,Cluster 1222,1
1223,Cluster 1223,1
1224,Cluster 1224,1
1225,Cluster 1225,1
1226,Cluster 1226,1
1227,Cluster 1227,1
1228,Cluster 1228,2
1229,Cluster 1229,1
1230,Cluster 1230,1
1231,Cluster 1231,1
1232,Cluster 1232,1
1233,Cluster 1233,1
1234,Cluster 1234,1
1235,Cluster 1235,1
1236,Cluster 1236,1
1237,Cluster 1237,1
1238,Cluster 1238,1
1239,Cluster 1239,1
1240,Cluster 1240,1
1241,Cluster 1241,1
1242,Cluster 1242,1
1243,Cluster 1243,1
1244,Cluster 1244,1
1245,Cluster 1245,1
1246,Cluster 1246,1
1247,Cluster 1247,1
1248,Cluster 1248,1
1249,Cluster 1249,1
1250,Cluster 1250,1
1251,Cluster 1251,1
1252,Cluster 1252,1
1253,Cluster 1253,1
1254,Cluster 1254,1
1255,Cluster 1255,1
1256,Cluster 1256,1
1257,Cluster 1257,1
1258,Cluster 1258,1
1259,Cluster 1259,1
1260,Cluster 1260,1
1261,Cluster 1261,1
1262,Cluster 1262,1
1263,Cluster 1263,1
1264,Cluster 1264,1
1265,Cluster 1265,1
1266,Cluster 1266,1
1267,Cluster 1267,1
1268,Cluster 1268,1
1269,Cluster 1269,1
1270,Cluster 1270,1
1271,Cluster 1271,1
1272,Cluster 1272,1
1273,Cluster 1273,1
1274,Cluster 1274,1
1275,Cluster 1275,1
1276,Cluster 1276,1
1277,Cluster 1277,1
1278,Cluster 1278,1
1279,Cluster 1279,1
1280,Cluster 1280,1
1281,Cluster 1281,1
1282,Cluster 1282,1
1283,Cluster 1283,1
1284,Cluster 1284,1
1285,Cluster 1285,1
1286,Cluster 1286,1
1287,Cluster 1287,1
1288,Cluster 1288,1
1289,Cluster 1289,1
1290,Cluster 1290,1
1291,Cluster 1291,1
1292,Cluster 1292,1
1293,Cluster 1293,1
1294,Cluster 1294,1
1295,Cluster 1295,1
1296,Cluster 1296,1
1297,Cluster 1297,1
1298,Cluster 1298,1
1299,Cluster 1299,1
1300,Cluster 1300,1
1301,Cluster 1301,1
1302,Cluster 1302,1
1303,Cluster 1303,1
1304,Cluster 1304,1
1305,Cluster 1305,1
1306,Cluster 1306,1
1307,Cluster 1307,1
1308,Cluster 1308,1
1309,Cluster 1309,1
1310,Cluster 1310,1
1311,Cluster 1311,1
1312,Cluster 1312,1
1313,Cluster 1313,1
1314,Cluster 1314,1
1315,Cluster 1315,1
1316,Cluster 1316,1
1317,Cluster 1317,1
1318,Cluster 1318,1
1319,Cluster 1319,1
1320,Cluster 1320,1
1321,Cluster 1321,1
1322,Cluster 1322,1
1323,Cluster 1323,1
1324,Cluster 1324,1
1325,Cluster 1325,1
1326,Cluster 1326,1
1327,Cluster 1327,1
1328,Cluster 1328,1
1329,Cluster 1329,1
1330,Cluster 1330,1
1331,Cluster 1331,1
1332,Cluster 1332,1
1333,Cluster 1333,1
1334,Cluster 1334,1
1335,Cluster 1335,1
1336,Cluster 1336,1
1337,Cluster 1337,1
1338,Cluster 1338,1
1339,Cluster 1339,1
1340,Cluster 1340,1
1341,Cluster 1341,1
1342,Cluster 1342,1
1343,Cluster 1343,1
1344,Cluster 1344,1
1345,Cluster 1345,1
1346,Cluster 1346,1
1347,Cluster 1347,1
1348,Cluster 1348,1
1349,Cluster 1349,1
1350,Cluster 1350,1
1351,Cluster 1351,1
1352,Cluster 1352,1
1353,Cluster 1353,1
1354,Cluster 1354,1
1355,Cluster 1355,1
1356,Cluster 1356,1
1357,Cluster 1357,1
1358,Cluster 1358,1
1359,Cluster 1359,1
1360,Cluster 1360,1
1361,Cluster 1361,1
1362,Cluster 1362,1
1363,Cluster 1363,1
1364,Cluster 1364,1
1365,Cluster 1365,1
1366,Cluster 1366,1
1367,Cluster 1367,1
1368,Cluster 1368,1
1369,Cluster 1369,1
1370,Cluster 1370,1
1371,Cluster 1371,1
1372,Cluster 1372,1
1373,Cluster 1373,1
1374,Cluster 1374,1
1375,Cluster 1375,1
1376,Cluster 1376,1
1377,Cluster 1377,1
1378,Cluster 1378,1
1379,Cluster 1379,1
1380,Cluster 1380,1
1381,Cluster 1381,1
1382,Cluster 1382,1
1383,Cluster 1383,1
1384,Cluster 1384,1
1385,Cluster 1385,1
1386,Cluster 1386,1
1387,Cluster 1387,1
1388,Cluster 1388,1
1389,Cluster 1389,1
1390,Cluster 1390,1
1391,Cluster 1391,2
1392,Cluster 1392,1
1393,Cluster 1393,1
1394,Cluster 1394,1
1395,Cluster 1395,1
1396,Cluster 1396,1
1397,Cluster 1397,1
1398,Cluster 1398,1
1399,Cluster 1399,1
1400,Cluster 1400,1
1401,Cluster 1401,1
1402,Cluster 1402,1
1403,Cluster 1403,1
1404,Cluster 1404,1
1405,Cluster 1405,1
1406,Cluster 1406,1
1407,Cluster 1407,1
1408,Cluster 1408,1
1409,Cluster 1409,1
1410,Cluster 1410,1
1411,Cluster 1411,1
1412,Cluster 1412,1
1413,Cluster 1413,1
1414,Cluster 1414,1
1415,Cluster 1415,1
1416,Cluster 1416,1
1417,Cluster 1417,1
1418,Cluster 1418,1
1419,Cluster 1419,1
1420,Cluster 1420,1
1421,Cluster 1421,1
1422,Cluster 1422,1
1423,Cluster 1423,1
1424,Cluster 1424,1
1425,Cluster 1425,1
1426,Cluster 1426,1
1427,Cluster 1427,1
1428,Cluster 1428,1
1429,Cluster 1429,1
1430,Cluster 1430,1
1431,Cluster 1431,1
1432,Cluster 1432,1
1433,Cluster 1433,1
1434,Cluster 1434,1
1435,Cluster 1435,1
1436,Cluster 1436,1
1437,Cluster 1437,1
1438,Cluster 1438,1
1439,Cluster 1439,1
1440,Cluster 1440,1
1441,Cluster 1441,1
1442,Cluster 1442,1
1443,Cluster 1443,1
1444,Cluster 1444,1
1445,Cluster 1445,1
1446,Cluster 1446,1
1447,Cluster 1447,1
1448,Cluster 1448,1
1449,Cluster 1449,1
1450,Cluster 1450,1
1451,Cluster 1451,1
1452,Cluster 1452,1
1453,Cluster 1453,1
1454,Cluster 1454,1
1455,Cluster 1455,1
1456,Cluster 1456,1
1457,Cluster 1457,1
1458,Cluster 1458,2
1459,Cluster 1459,1
1460,Cluster 1460,1
1461,Cluster 1461,1
1462,Cluster 1462,1
1463,Cluster 1463,1
1464,Cluster 1464,1
1465,Cluster 1465,1
1466,Cluster 1466,1
1467,Cluster 1467,1
1468,Cluster 1468,1
1469,Cluster 1469,1
1470,Cluster 1470,1
1471,Cluster 1471,1
1472,Cluster 1472,1
1473,Cluster 1473,1
1474,Cluster 1474,1
1475,Cluster 1475,1
1476,Cluster 1476,1
1477,Cluster 1477,1
1478,Cluster 1478,1
1479,Cluster 1479,1
1480,Cluster 1480,1
1481,Cluster 1481,1
1482,Cluster 1482,1
1483,Cluster 1483,1
1484,Cluster 1484,1
1485,Cluster 1485,1
1486,Cluster 1486,1
1487,Cluster 1487,1
1488,Cluster 1488,1
1489,Cluster 1489,1
1490,Cluster 1490,1
1491,Cluster 1491,1
1492,Cluster 1492,1
1493,Cluster 1493,1
1494,Cluster 1494,1
1495,Cluster 1495,1
1496,Cluster 1496,1
1497,Cluster 1497,1
1498,Cluster 1498,1
1499,Cluster 1499,1
1500,Cluster 1500,1
1501,Cluster 1501,1
1502,Cluster 1502,1
1503,Cluster 1503,1
1504,Cluster 1504,1
1505,Cluster 1505,2
1506,Cluster 1506,1
1507,Cluster 1507,1
1508,Cluster 1508,1
1509,Cluster 1509,1
1510,Cluster 1510,1
1511,Cluster 1511,1
1512,Cluster 1512,1
1513,Cluster 1513,1
1514,Cluster 1514,1
1515,Cluster 1515,1
1516,Cluster 1516,1
1517,Cluster 1517,1
1518,Cluster 1518,1
1519,Cluster 1519,1
1520,Cluster 1520,1
1521,Cluster 1521,1
1522,Cluster 1522,1
1523,Cluster 1523,1
1524,Cluster 1524,1
1525,Cluster 1525,1
1526,Cluster 1526,1
1527,Cluster 1527,1
1528,Cluster 1528,1
1529,Cluster 1529,1
1530,Cluster 1530,1
1531,Cluster 1531,1
1532,Cluster 1532,1
1533,Cluster 1533,1
1534,Cluster 1534,1
1535,Cluster 1535,1
1536,Cluster 1536,1
1537,Cluster 1537,1
1538,Cluster 1538,1
1539,Cluster 1539,1
1540,Cluster 1540,1
1541,Cluster 1541,1
1542,Cluster 1542,1
1543,Cluster 1543,1
1544,Cluster 1544,1
1545,Cluster 1545,1
1546,Cluster 1546,1
1547,Cluster 1547,1
1548,Cluster 1548,1
1549,Cluster 1549,1
1550,Cluster 1550,1
1551,Cluster 1551,1
1552,Cluster 1552,1
1553,Cluster 1553,1
1554,Cluster 1554,1
1555,Cluster 1555,1
1556,Cluster 1556,1
1557,Cluster 1557,1
1558,Cluster 1558,1
1559,Cluster 1559,1
1560,Cluster 1560,1
1561,Cluster 1561,1
1562,Cluster 1562,1
1563,Cluster 1563,1
1564,Cluster 1564,1
1565,Cluster 1565,1
1566,Cluster 1566,1
1567,Cluster 1567,1
1568,Cluster 1568,1
1569,Cluster 1569,1
1570,Cluster 1570,1
1571,Cluster 1571,1
1572,Cluster 1572,1
1573,Cluster 1573,1
1574,Cluster 1574,1
1575,Cluster 1575,1
1576,Cluster 1576,1
1577,Cluster 1577,1
1578,Cluster 1578,1
1579,Cluster 1579,1
1580,Cluster 1580,1
1581,Cluster 1581,1
1582,Cluster 1582,1
1583,Cluster 1583,1
1584,Cluster 1584,1
1585,Cluster 1585,1
1586,Cluster 1586,1
1587,Cluster 1587,1
1588,Cluster 1588,1
1589,Cluster 1589,1
1590,Cluster 1590,1
1591,Cluster 1591,1
1592,Cluster 1592,1
1593,Cluster 1593,1
1594,Cluster 1594,1
1595,Cluster 1595,1
1596,Cluster 1596,1
1597,Cluster 1597,1
1598,Cluster 1598,1
1599,Cluster 1599,1
1600,Cluster 1600,1
1601,Cluster 1601,1
1602,Cluster 1602,1
1603,Cluster 1603,1
1604,Cluster 1604,1
1605,Cluster 1605,1
1606,Cluster 1606,1
1607,Cluster 1607,1
1608,Cluster 1608,1
1609,Cluster 1609,1
1610,Cluster 1610,1
1611,Cluster 1611,1
1612,Cluster 1612,1
1613,Cluster 1613,1
1614,Cluster 1614,1
1615,Cluster 1615,1
1616,Cluster 1616,1
1617,Cluster 1617,1
1618,Cluster 1618,1
1619,Cluster 1619,1
1620,Cluster 1620,1
1621,Cluster 1621,1
1622,Cluster 1622,1
1623,Cluster 1623,1
1624,Cluster 1624,1
1625,Cluster 1625,1
1626,Cluster 1626,1
1627,Cluster 1627,1
1628,Cluster 1628,1
1629,Cluster 1629,1
1630,Cluster 1630,1
1631,Cluster 1631,1
1632,Cluster 1632,1
1633,Cluster 1633,1
1634,Cluster 1634,1
1635,Cluster 1635,1
1636,Cluster 1636,1
1637,Cluster 1637,1
1638,Cluster 1638,1
1639,Cluster 1639,1
1640,Cluster 1640,1
1641,Cluster 1641,1
1642,Cluster 1642,1
1643,Cluster 1643,1
1644,Cluster 1644,1
1645,Cluster 1645,1
1646,Cluster 1646,1
1647,Cluster 1647,1
1648,Cluster 1648,1
1649,Cluster 1649,1
1650,Cluster 1650,1
1651,Cluster 1651,1
1652,Cluster 1652,1
1653,Cluster 1653,1
1654,Cluster 1654,1
1655,Cluster 1655,1
1656,Cluster 1656,1
1657,Cluster 1657,1
1658,Cluster 1658,1
1659,Cluster 1659,1
1660,Cluster 1660,1
1661,Cluster 1661,1
1662,Cluster 1662,1
1663,Cluster 1663,1
1664,Cluster 1664,1
1665,Cluster 1665,1
1666,Cluster 1666,1
1667,Cluster 1667,1
1668,Cluster 1668,1
1669,Cluster 1669,1
1670,Cluster 1670,1
1671,Cluster 1671,1
1672,Cluster 1672,1
1673,Cluster 1673,1
1674,Cluster 1674,1
1675,Cluster 1675,1
1676,Cluster 1676,1
1677,Cluster 1677,1
1678,Cluster 1678,1
1679,Cluster 1679,1
1680,Cluster 1680,1
1681,Cluster 1681,1
1682,Cluster 1682,1
1683,Cluster 1683,1
1684,Cluster 1684,1
1685,Cluster 1685,1
1686,Cluster 1686,1
1687,Cluster 1687,1
1688,Cluster 1688,1
1689,Cluster 1689,1
1690,Cluster 1690,1
1691,Cluster 1691,1
1692,Cluster 1692,1
1693,Cluster 1693,1
1694,Cluster 1694,1
1695,Cluster 1695,1
1696,Cluster 1696,1
1697,Cluster 1697,1
1698,Cluster 1698,1
1699,Cluster 1699,1
1700,Cluster 1700,1
1701,Cluster 1701,1
1702,Cluster 1702,1
1703,Cluster 1703,1
1704,Cluster 1704,1
1705,Cluster 1705,1
1706,Cluster 1706,1
1707,Cluster 1707,1
1708,Cluster 1708,1
1709,Cluster 1709,1
1710,Cluster 1710,1
1711,Cluster 1711,1
1712,Cluster 1712,1
1713,Cluster 1713,1
1714,Cluster 1714,1
1715,Cluster 1715,1
1716,Cluster 1716,1
1717,Cluster 1717,1
1718,Cluster 1718,1
1719,Cluster 1719,1
1720,Cluster 1720,1
1721,Cluster 1721,1
1722,Cluster 1722,1
1723,Cluster 1723,1
1724,Cluster 1724,1
1725,Cluster 1725,1
1726,Cluster 1726,1
1727,Cluster 1727,1
1728,Cluster 1728,1
1729,Cluster 1729,1
1730,Cluster 1730,1
1731,Cluster 1731,1
1732,Cluster 1732,1
1733,Cluster 1733,1
1734,Cluster 1734,1
1735,Cluster 1735,1
1736,Cluster 1736,1
1737,Cluster 1737,1
1738,Cluster 1738,1
1739,Cluster 1739,1
1740,Cluster 1740,1
1741,Cluster 1741,1
1742,Cluster 1742,1
1743,Cluster 1743,1
1744,Cluster 1744,1
1745,Cluster 1745,1
1746,Cluster 1746,1
1747,Cluster 1747,1
1748,Cluster 1748,1
1749,Cluster 1749,1
1750,Cluster 1750,1
1751,Cluster 1751,1
1752,Cluster 1752,1
1753,Cluster 1753,1
1754,Cluster 1754,1
1755,Cluster 1755,1
1756,Cluster 1756,2
1757,Cluster 1757,1
1758,Cluster 1758,1
1759,Cluster 1759,1
1760,Cluster 1760,1
1761,Cluster 1761,1
1762,Cluster 1762,1
1763,Cluster 1763,1
1764,Cluster 1764,1
1765,Cluster 1765,1
1766,Cluster 1766,1
1767,Cluster 1767,1
1768,Cluster 1768,1
1769,Cluster 1769,1
1770,Cluster 1770,1
1771,Cluster 1771,1
1772,Cluster 1772,1
1773,Cluster 1773,1
1774,Cluster 1774,1
1775,Cluster 1775,1
1776,Cluster 1776,1
1777,Cluster 1777,1
1778,Cluster 1778,1
1779,Cluster 1779,1
1780,Cluster 1780,1
1781,Cluster 1781,1
1782,Cluster 1782,1
1783,Cluster 1783,1
1784,Cluster 1784,1
1785,Cluster 1785,1
1786,Cluster 1786,1
1787,Cluster 1787,1
1788,Cluster 1788,1
1789,Cluster 1789,1
1790,Cluster 1790,1
1791,Cluster 1791,1
1792,Cluster 1792,1
1793,Cluster 1793,1
1794,Cluster 1794,1
1795,Cluster 1795,1
1796,Cluster 1796,1
1797,Cluster 1797,1
1798,Cluster 1798,1
1799,Cluster 1799,1
1800,Cluster 1800,1
1801,Cluster 1801,1
1802,Cluster 1802,1
1803,Cluster 1803,1
1804,Cluster 1804,1
1805,Cluster 1805,1
1806,Cluster 1806,1
1807,Cluster 1807,1
1808,Cluster 1808,1
1809,Cluster 1809,1
1810,Cluster 1810,1
1811,Cluster 1811,1
1812,Cluster 1812,1
1813,Cluster 1813,1
1814,Cluster 1814,1
1815,Cluster 1815,1
1816,Cluster 1816,1
1817,Cluster 1817,1
1818,Cluster 1818,1
1819,Cluster 1819,1
1820,Cluster 1820,1
1821,Cluster 1821,1
1822,Cluster 1822,1
1823,Cluster 1823,1
1824,Cluster 1824,1
1825,Cluster 1825,1
1826,Cluster 1826,1
1827,Cluster 1827,1
1828,Cluster 1828,1
1829,Cluster 1829,1
1830,Cluster 1830,1
1831,Cluster 1831,1
1832,Cluster 1832,1
1833,Cluster 1833,1
1834,Cluster 1834,1
1835,Cluster 1835,1
1836,Cluster 1836,1
1837,Cluster 1837,1
1838,Cluster 1838,1
1839,Cluster 1839,1
1840,Cluster 1840,1
1841,Cluster 1841,1
1842,Cluster 1842,1
1843,Cluster 1843,1
1844,Cluster 1844,1
1845,Cluster 1845,1
1846,Cluster 1846,1
1847,Cluster 1847,1
1848,Cluster 1848,1
1849,Cluster 1849,1
1850,Cluster 1850,1
1851,Cluster 1851,1
1852,Cluster 1852,1
1853,Cluster 1853,1
1854,Cluster 1854,1
1855,Cluster 1855,1
1856,Cluster 1856,1
1857,Cluster 1857,1
1858,Cluster 1858,1
1859,Cluster 1859,1
1860,Cluster 1860,1
1861,Cluster 1861,1
1862,Cluster 1862,1
1863,Cluster 1863,1
1864,Cluster 1864,1
1865,Cluster 1865,1
1866,Cluster 1866,1
1867,Cluster 1867,1
1868,Cluster 1868,1
1869,Cluster 1869,1
1870,Cluster 1870,1
1871,Cluster 1871,1
1872,Cluster 1872,1
1873,Cluster 1873,1
1874,Cluster 1874,1
1875,Cluster 1875,1
1876,Cluster 1876,1
1877,Cluster 1877,1
1878,Cluster 1878,1
1879,Cluster 1879,1
1880,Cluster 1880,1
1881,Cluster 1881,1
1882,Cluster 1882,1
1883,Cluster 1883,1
1884,Cluster 1884,1
1885,Cluster 1885,1
1886,Cluster 1886,1
1887,Cluster 1887,1
1888,Cluster 1888,1
1889,Cluster 1889,1
1890,Cluster 1890,1
1891,Cluster 1891,1
1892,Cluster 1892,1
1893,Cluster 1893,1
1894,Cluster 1894,1
1895,Cluster 1895,1
1896,Cluster 1896,1
1897,Cluster 1897,1
1898,Cluster 1898,1
1899,Cluster 1899,1
1900,Cluster 1900,1
1901,Cluster 1901,1
1902,Cluster 1902,1
1903,Cluster 1903,1
1904,Cluster 1904,1
1905,Cluster 1905,1
1906,Cluster 1906,1
1907,Cluster 1907,1
1908,Cluster 1908,1
1909,Cluster 1909,1
1910,Cluster 1910,1
1911,Cluster 1911,1
1912,Cluster 1912,1
1913,Cluster 1913,1
1914,Cluster 1914,1
1915,Cluster 1915,1
1916,Cluster 1916,1
1917,Cluster 1917,1
1918,Cluster 1918,1
1919,Cluster 1919,1
1920,Cluster 1920,1
1921,Cluster 1921,1
1922,Cluster 1922,1
1923,Cluster 1923,1
1924,Cluster 1924,1
1925,Cluster 1925,1
1926,Cluster 1926,1
1927,Cluster 1927,1
1928,Cluster 1928,1
1929,Cluster 1929,1
1930,Cluster 1930,1
1931,Cluster 1931,1
1932,Cluster 1932,1
1933,Cluster 1933,1
1934,Cluster 1934,1
1935,Cluster 1935,1
1936,Cluster 1936,1
1937,Cluster 1937,1
1938,Cluster 1938,1
1939,Cluster 1939,1
1940,Cluster 1940,1
1941,Cluster 1941,1
1942,Cluster 1942,1
1943,Cluster 1943,1
1944,Cluster 1944,1
1945,Cluster 1945,1
1946,Cluster 1946,1
1947,Cluster 1947,1
1948,Cluster 1948,1
1949,Cluster 1949,1
1950,Cluster 1950,1
1951,Cluster 1951,1
1952,Cluster 1952,1
1953,Cluster 1953,1
1954,Cluster 1954,1
1955,Cluster 1955,1
1956,Cluster 1956,1
1957,Cluster 1957,1
1958,Cluster 1958,1
1959,Cluster 1959,1
1960,Cluster 1960,1
1961,Cluster 1961,1
1962,Cluster 1962,1
1963,Cluster 1963,1
1964,Cluster 1964,1
1965,Cluster 1965,1
1966,Cluster 1966,1
1967,Cluster 1967,1
1968,Cluster 1968,1
1969,Cluster 1969,1
1970,Cluster 1970,1
1971,Cluster 1971,1
1972,Cluster 1972,1
1973,Cluster 1973,1
1974,Cluster 1974,1
1975,Cluster 1975,1
1976,Cluster 1976,1
1977,Cluster 1977,1
1978,Cluster 1978,1
1979,Cluster 1979,1
1980,Cluster 1980,2
1981,Cluster 1981,1
1982,Cluster 1982,1
1983,Cluster 1983,1
1984,Cluster 1984,1
1985,Cluster 1985,1
1986,Cluster 1986,1
1987,Cluster 1987,1
1988,Cluster 1988,1
1989,Cluster 1989,1
1990,Cluster 1990,1
1991,Cluster 1991,1
1992,Cluster 1992,1
1993,Cluster 1993,1
1994,Cluster 1994,1
1995,Cluster 1995,1
1996,Cluster 1996,1
1997,Cluster 1997,1
1998,Cluster 1998,1
1999,Cluster 1999,1
2000,Cluster 2000,1
2001,Cluster 2001,1
2002,Cluster 2002,1
2003,Cluster 2003,1
2004,Cluster 2004,1
2005,Cluster 2005,1
2006,Cluster 2006,1
2007,Cluster 2007,1
2008,Cluster 2008,1
2009,Cluster 2009,1
2010,Cluster 2010,1
2011,Cluster 2011,1
2012,Cluster 2012,1
2013,Cluster 2013,1
2014,Cluster 2014,1
2015,Cluster 2015,1
2016,Cluster 2016,1
2017,Cluster 2017,1
2018,Cluster 2018,1
2019,Cluster 2019,1
2020,Cluster 2020,1
2021,Cluster 2021,1
2022,Cluster 2022,1
2023,Cluster 2023,1
2024,Cluster 2024,1
2025,Cluster 2025,1
2026,Cluster 2026,1
2027,Cluster 2027,1
2028,Cluster 2028,1
2029,Cluster 2029,1
2030,Cluster 2030,1
2031,Cluster 2031,1
2032,Cluster 2032,1
2033,Cluster 2033,1
2034,Cluster 2034,1
2035,Cluster 2035,1
2036,Cluster 2036,1
2037,Cluster 2037,1
2038,Cluster 2038,1
2039,Cluster 2039,1
2040,Cluster 2040,1
2041,Cluster 2041,1
2042,Cluster 2042,1
2043,Cluster 2043,1
2044,Cluster 2044,1
2045,Cluster 2045,1
2046,Cluster 2046,1
2047,Cluster 2047,1
2048,Cluster 2048,1
2049,Cluster 2049,1
2050,Cluster 2050,1
2051,Cluster 2051,1
2052,Cluster 2052,1
2053,Cluster 2053,1
2054,Cluster 2054,1
2055,Cluster 2055,1
2056,Cluster 2056,1
2057,Cluster 2057,1
2058,Cluster 2058,1
2059,Cluster 2059,1
2060,Cluster 2060,1
2061,Cluster 2061,1
2062,Cluster 2062,1
2063,Cluster 2063,1
2064,Cluster 2064,1
2065,Cluster 2065,1
2066,Cluster 2066,1
2067,Cluster 2067,1
2068,Cluster 2068,1
2069,Cluster 2069,1
2070,Cluster 2070,1
2071,Cluster 2071,1
2072,Cluster 2072,1
2073,Cluster 2073,1
2074,Cluster 2074,1
2075,Cluster 2075,1
2076,Cluster 2076,1
2077,Cluster 2077,1
2078,Cluster 2078,1
2079,Cluster 2079,1
2080,Cluster 2080,2
2081,Cluster 2081,1
2082,Cluster 2082,1
2083,Cluster 2083,1
2084,Cluster 2084,1
2085,Cluster 2085,1
2086,Cluster 2086,1
2087,Cluster 2087,1
2088,Cluster 2088,1
2089,Cluster 2089,1
2090,Cluster 2090,1
2091,Cluster 2091,1
2092,Cluster 2092,1
2093,Cluster 2093,1
2094,Cluster 2094,1
2095,Cluster 2095,1
2096,Cluster 2096,1
2097,Cluster 2097,1
2098,Cluster 2098,1
2099,Cluster 2099,1
2100,Cluster 2100,1
2101,Cluster 2101,1
2102,Cluster 2102,1
2103,Cluster 2103,1
2104,Cluster 2104,1
2105,Cluster 2105,1
2106,Cluster 2106,1
2107,Cluster 2107,1
2108,Cluster 2108,1
2109,Cluster 2109,1
2110,Cluster 2110,1
2111,Cluster 2111,1
2112,Cluster 2112,1
2113,Cluster 2113,1
2114,Cluster 2114,1
2115,Cluster 2115,1
2116,Cluster 2116,1
2117,Cluster 2117,1
2118,Cluster 2118,1
2119,Cluster 2119,1
2120,Cluster 2120,1
2121,Cluster 2121,1
2122,Cluster 2122,1
2123,Cluster 2123,1
2124,Cluster 2124,1
2125,Cluster 2125,1
2126,Cluster 2126,1
2127,Cluster 2127,1
2128,Cluster 2128,1
2129,Cluster 2129,1
2130,Cluster 2130,1
2131,Cluster 2131,1
2132,Cluster 2132,1
2133,Cluster 2133,1
2134,Cluster 2134,1
2135,Cluster 2135,1
2136,Cluster 2136,1
2137,Cluster 2137,1
2138,Cluster 2138,1
2139,Cluster 2139,1
2140,Cluster 2140,1
2141,Cluster 2141,1
2142,Cluster 2142,1
2143,Cluster 2143,1
2144,Cluster 2144,1
2145,Cluster 2145,1
2146,Cluster 2146,1
2147,Cluster 2147,1
2148,Cluster 2148,1
2149,Cluster 2149,1
2150,Cluster 2150,1
2151,Cluster 2151,1
2152,Cluster 2152,1
2153,Cluster 2153,1
2154,Cluster 2154,1
2155,Cluster 2155,1
2156,Cluster 2156,1
2157,Cluster 2157,1
2158,Cluster 2158,1
2159,Cluster 2159,1
2160,Cluster 2160,1
2161,Cluster 2161,1
2162,Cluster 2162,1
2163,Cluster 2163,1
2164,Cluster 2164,1
2165,Cluster 2165,1
2166,Cluster 2166,1
2167,Cluster 2167,1
2168,Cluster 2168,1
2169,Cluster 2169,1
2170,Cluster 2170,1
2171,Cluster 2171,1
2172,Cluster 2172,1
2173,Cluster 2173,1
2174,Cluster 2174,1
2175,Cluster 2175,1
2176,Cluster 2176,1
2177,Cluster 2177,1
2178,Cluster 2178,1
2179,Cluster 2179,1
2180,Cluster 2180,1
2181,Cluster 2181,1
2182,Cluster 2182,1
2183,Cluster 2183,1
2184,Cluster 2184,1
2185,Cluster 2185,1
2186,Cluster 2186,1
2187,Cluster 2187,1
2188,Cluster 2188,1
2189,Cluster 2189,1
2190,Cluster 2190,1
2191,Cluster 2191,1
2192,Cluster 2192,1
2193,Cluster 2193,1
2194,Cluster 2194,1
2195,Cluster 2195,1
2196,Cluster 2196,1
2197,Cluster 2197,1
2198,Cluster 2198,1
2199,Cluster 2199,1
2200,Cluster 2200,1
2201,Cluster 2201,1
2202,Cluster 2202,1
2203,Cluster 2203,1
2204,Cluster 2204,1
2205,Cluster 2205,1
2206,Cluster 2206,1
2207,Cluster 2207,1
2208,Cluster 2208,1
2209,Cluster 2209,1
2210,Cluster 2210,1
2211,Cluster 2211,1
2212,Cluster 2212,1
2213,Cluster 2213,1
2214,Cluster 2214,1
2215,Cluster 2215,1
2216,Cluster 2216,1
2217,Cluster 2217,1
2218,Cluster 2218,1
2219,Cluster 2219,1
2220,Cluster 2220,1
2221,Cluster 2221,1
2222,Cluster 2222,1
2223,Cluster 2223,1
2224,Cluster 2224,1
2225,Cluster 2225,1
2226,Cluster 2226,1
2227,Cluster 2227,1
2228,Cluster 2228,2
2229,Cluster 2229,1
2230,Cluster 2230,1
2231,Cluster 2231,1
2232,Cluster 2232,1
2233,Cluster 2233,1
2234,Cluster 2234,1
2235,Cluster 2235,1
2236,Cluster 2236,1
2237,Cluster 2237,1
2238,Cluster 2238,1
2239,Cluster 2239,1
2240,Cluster 2240,1
2241,Cluster 2241,1
2242,Cluster 2242,1
2243,Cluster 2243,1
2244,Cluster 2244,1
2245,Cluster 2245,1
2246,Cluster 2246,1
2247,Cluster 2247,1
2248,Cluster 2248,1
2249,Cluster 2249,1
2250,Cluster 2250,1
2251,Cluster 2251,1
2252,Cluster 2252,1
2253,Cluster 2253,1
2254,Cluster 2254,1
2255,Cluster 2255,1
2256,Cluster 2256,1
2257,Cluster 2257,1
2258,Cluster 2258,1
2259,Cluster 2259,1
2260,Cluster 2260,1
2261,Cluster 2261,1
2262,Cluster 2262,1
2263,Cluster 2263,1
2264,Cluster 2264,1
2265,Cluster 2265,1
2266,Cluster 2266,1
2267,Cluster 2267,1
2268,Cluster 2268,1
2269,Cluster 2269,1
2270,Cluster 2270,1
2271,Cluster 2271,2
2272,Cluster 2272,1
2273,Cluster 2273,1
2274,Cluster 2274,1
2275,Cluster 2275,1
2276,Cluster 2276,1
2277,Cluster 2277,1
2278,Cluster 2278,1
2279,Cluster 2279,1
2280,Cluster 2280,1
2281,Cluster 2281,1
2282,Cluster 2282,1
2283,Cluster 2283,1
2284,Cluster 2284,1
2285,Cluster 2285,1
2286,Cluster 2286,1
2287,Cluster 2287,1
2288,Cluster 2288,1
2289,Cluster 2289,1
2290,Cluster 2290,1
2291,Cluster 2291,1
2292,Cluster 2292,1
2293,Cluster 2293,1
2294,Cluster 2294,1
2295,Cluster 2295,1
2296,Cluster 2296,1
2297,Cluster 2297,1
2298,Cluster 2298,1
2299,Cluster 2299,1
2300,Cluster 2300,1
2301,Cluster 2301,1
2302,Cluster 2302,1
2303,Cluster 2303,1
2304,Cluster 2304,1
2305,Cluster 2305,1
2306,Cluster 2306,1
2307,Cluster 2307,1
2308,Cluster 2308,1
2309,Cluster 2309,1
2310,Cluster 2310,1
2311,Cluster 2311,1
2312,Cluster 2312,1
2313,Cluster 2313,1
2314,Cluster 2314,1
2315,Cluster 2315,1
2316,Cluster 2316,1
2317,Cluster 2317,1
2318,Cluster 2318,1
2319,Cluster 2319,1
2320,Cluster 2320,1
2321,Cluster 2321,1
2322,Cluster 2322,1
2323,Cluster 2323,1
2324,Cluster 2324,1
2325,Cluster 2325,1
2326,Cluster 2326,1
2327,Cluster 2327,1
2328,Cluster 2328,1
2329,Cluster 2329,1
2330,Cluster 2330,1
2331,Cluster 2331,1
2332,Cluster 2332,1
2333,Cluster 2333,1
2334,Cluster 2334,1
2335,Cluster 2335,1
2336,Cluster 2336,1
2337,Cluster 2337,1
2338,Cluster 2338,1
2339,Cluster 2339,1
2340,Cluster 2340,1
2341,Cluster 2341,1
2342,Cluster 2342,1
2343,Cluster 2343,1
2344,Cluster 2344,1
2345,Cluster 2345,1
2346,Cluster 2346,1
2347,Cluster 2347,1
2348,Cluster 2348,1
2349,Cluster 2349,1
2350,Cluster 2350,1
2351,Cluster 2351,1
2352,Cluster 2352,1
2353,Cluster 2353,1
2354,Cluster 2354,1
2355,Cluster 2355,1
2356,Cluster 2356,1
2357,Cluster 2357,1
2358,Cluster 2358,1
2359,Cluster 2359,1
2360,Cluster 2360,1
2361,Cluster 2361,1
2362,Cluster 2362,1
2363,Cluster 2363,1
2364,Cluster 2364,1
2365,Cluster 2365,1
2366,Cluster 2366,1
2367,Cluster 2367,1
2368,Cluster 2368,1
2369,Cluster 2369,1
2370,Cluster 2370,1
2371,Cluster 2371,1
2372,Cluster 2372,1
2373,Cluster 2373,1
2374,Cluster 2374,1
2375,Cluster 2375,1
2376,Cluster 2376,1
2377,Cluster 2377,1
2378,Cluster 2378,1
2379,Cluster 2379,1
2380,Cluster 2380,1
2381,Cluster 2381,1
2382,Cluster 2382,1
2383,Cluster 2383,1
2384,Cluster 2384,1
2385,Cluster 2385,1
2386,Cluster 2386,1
2387,Cluster 2387,1
2388,Cluster 2388,1
2389,Cluster 2389,1
2390,Cluster 2390,1
2391,Cluster 2391,1
2392,Cluster 2392,1
2393,Cluster 2393,1
2394,Cluster 2394,1
2395,Cluster 2395,1
2396,Cluster 2396,1
2397,Cluster 2397,1
2398,Cluster 2398,1
2399,Cluster 2399,1
2400,Cluster 2400,1
2401,Cluster 2401,1
2402,Cluster 2402,1
2403,Cluster 2403,1
2404,Cluster 2404,1
2405,Cluster 2405,1
2406,Cluster 2406,1
2407,Cluster 2407,1
2408,Cluster 2408,1
2409,Cluster 2409,1
2410,Cluster 2410,1
2411,Cluster 2411,1
2412,Cluster 2412,1
2413,Cluster 2413,1
2414,Cluster 2414,1
2415,Cluster 2415,1
2416,Cluster 2416,1
2417,Cluster 2417,1
2418,Cluster 2418,1
2419,Cluster 2419,1
2420,Cluster 2420,1
2421,Cluster 2421,1
2422,Cluster 2422,1
2423,Cluster 2423,1
2424,Cluster 2424,1
2425,Cluster 2425,1
2426,Cluster 2426,1
2427,Cluster 2427,1
2428,Cluster 2428,1
2429,Cluster 2429,1
2430,Cluster 2430,1
2431,Cluster 2431,1
2432,Cluster 2432,1
2433,Cluster 2433,3
2434,Cluster 2434,1
2435,Cluster 2435,1
2436,Cluster 2436,1
2437,Cluster 2437,1
2438,Cluster 2438,1
2439,Cluster 2439,1
2440,Cluster 2440,1
2441,Cluster 2441,1
2442,Cluster 2442,1
2443,Cluster 2443,1
2444,Cluster 2444,1
2445,Cluster 2445,1
2446,Cluster 2446,1
2447,Cluster 2447,1
2448,Cluster 2448,1
2449,Cluster 2449,1
2450,Cluster 2450,1
2451,Cluster 2451,1
2452,Cluster 2452,1
2453,Cluster 2453,1
2454,Cluster 2454,1
2455,Cluster 2455,1
2456,Cluster 2456,1
2457,Cluster 2457,1
2458,Cluster 2458,1
2459,Cluster 2459,1
2460,Cluster 2460,1
2461,Cluster 2461,1
2462,Cluster 2462,1
2463,Cluster 2463,1
2464,Cluster 2464,1
2465,Cluster 2465,1
2466,Cluster 2466,1
2467,Cluster 2467,1
2468,Cluster 2468,1
2469,Cluster 2469,1
2470,Cluster 2470,1
2471,Cluster 2471,1
2472,Cluster 2472,1
2473,Cluster 2473,1
2474,Cluster 2474,1
2475,Cluster 2475,1
2476,Cluster 2476,1
2477,Cluster 2477,1
2478,Cluster 2478,1
2479,Cluster 2479,1
2480,Cluster 2480,1
2481,Cluster 2481,1
2482,Cluster 2482,1
2483,Cluster 2483,1
2484,Cluster 2484,1
2485,Cluster 2485,1
2486,Cluster 2486,1
2487,Cluster 2487,1
2488,Cluster 2488,1
2489,Cluster 2489,1
2490,Cluster 2490,1
2491,Cluster 2491,1
2492,Cluster 2492,1
2493,Cluster 2493,1
2494,Cluster 2494,1
2495,Cluster 2495,1
2496,Cluster 2496,1
2497,Cluster 2497,1
2498,Cluster 2498,1
2499,Cluster 2499,1
2500,Cluster 2500,1
2501,Cluster 2501,1
2502,Cluster 2502,1
2503,Cluster 2503,1
2504,Cluster 2504,1
2505,Cluster 2505,1
2506,Cluster 2506,1
2507,Cluster 2507,1
2508,Cluster 2508,1
2509,Cluster 2509,1
2510,Cluster 2510,1
2511,Cluster 2511,1
2512,Cluster 2512,1
2513,Cluster 2513,1
2514,Cluster 2514,1
2515,Cluster 2515,1
2516,Cluster 2516,1
2517,Cluster 2517,1
2518,Cluster 2518,1
2519,Cluster 2519,1
2520,Cluster 2520,1
2521,Cluster 2521,1
2522,Cluster 2522,1
2523,Cluster 2523,1
2524,Cluster 2524,1
2525,Cluster 2525,1
2526,Cluster 2526,1
2527,Cluster 2527,1
2528,Cluster 2528,1
2529,Cluster 2529,1
2530,Cluster 2530,1
2531,Cluster 2531,1
2532,Cluster 2532,1
2533,Cluster 2533,1
2534,Cluster 2534,1
2535,Cluster 2535,1
2536,Cluster 2536,1
2537,Cluster 2537,1
2538,Cluster 2538,1
2539,Cluster 2539,1
2540,Cluster 2540,1
2541,Cluster 2541,1
2542,Cluster 2542,1
2543,Cluster 2543,1
2544,Cluster 2544,1
2545,Cluster 2545,1
2546,Cluster 2546,1
2547,Cluster 2547,1
2548,Cluster 2548,1
2549,Cluster 2549,1
2550,Cluster 2550,1
2551,Cluster 2551,1
2552,Cluster 2552,1
2553,Cluster 2553,1
2554,Cluster 2554,1
2555,Cluster 2555,1
2556,Cluster 2556,1
2557,Cluster 2557,1
2558,Cluster 2558,1
2559,Cluster 2559,1
2560,Cluster 2560,1
2561,Cluster 2561,1
2562,Cluster 2562,1
2563,Cluster 2563,2
2564,Cluster 2564,1
2565,Cluster 2565,1
2566,Cluster 2566,1
2567,Cluster 2567,1
2568,Cluster 2568,1
2569,Cluster 2569,1
2570,Cluster 2570,1
2571,Cluster 2571,1
2572,Cluster 2572,1
2573,Cluster 2573,1
2574,Cluster 2574,1
2575,Cluster 2575,1
2576,Cluster 2576,1
2577,Cluster 2577,1
2578,Cluster 2578,1
2579,Cluster 2579,1
2580,Cluster 2580,1
2581,Cluster 2581,1
2582,Cluster 2582,1
2583,Cluster 2583,1
2584,Cluster 2584,1
2585,Cluster 2585,1
2586,Cluster 2586,2
2587,Cluster 2587,1
2588,Cluster 2588,1
2589,Cluster 2589,1
2590,Cluster 2590,1
2591,Cluster 2591,1
2592,Cluster 2592,1
2593,Cluster 2593,1
2594,Cluster 2594,1
2595,Cluster 2595,1
2596,Cluster 2596,1
2597,Cluster 2597,1
2598,Cluster 2598,1
2599,Cluster 2599,1
2600,Cluster 2600,1
2601,Cluster 2601,1
2602,Cluster 2602,1
2603,Cluster 2603,1
2604,Cluster 2604,1
2605,Cluster 2605,1
2606,Cluster 2606,1
2607,Cluster 2607,1
2608,Cluster 2608,1
2609,Cluster 2609,1
2610,Cluster 2610,1
2611,Cluster 2611,1
2612,Cluster 2612,1
2613,Cluster 2613,1
2614,Cluster 2614,1
2615,Cluster 2615,1
2616,Cluster 2616,1
2617,Cluster 2617,2
2618,Cluster 2618,1
2619,Cluster 2619,1
2620,Cluster 2620,1
2621,Cluster 2621,1
2622,Cluster 2622,1
2623,Cluster 2623,1
2624,Cluster 2624,1
2625,Cluster 2625,1
2626,Cluster 2626,1
2627,Cluster 2627,1
2628,Cluster 2628,1
2629,Cluster 2629,1
2630,Cluster 2630,1
2631,Cluster 2631,1
2632,Cluster 2632,1
2633,Cluster 2633,1
2634,Cluster 2634,1
2635,Cluster 2635,1
2636,Cluster 2636,1
2637,Cluster 2637,1
2638,Cluster 2638,1
2639,Cluster 2639,1
2640,Cluster 2640,1
2641,Cluster 2641,1
2642,Cluster 2642,1
2643,Cluster 2643,1
2644,Cluster 2644,1
2645,Cluster 2645,1
2646,Cluster 2646,1
2647,Cluster 2647,1
2648,Cluster 2648,1
2649,Cluster 2649,1
2650,Cluster 2650,1
2651,Cluster 2651,1
2652,Cluster 2652,1
2653,Cluster 2653,1
2654,Cluster 2654,1
2655,Cluster 2655,1
2656,Cluster 2656,1
2657,Cluster 2657,1
2658,Cluster 2658,1
2659,Cluster 2659,1
2660,Cluster 2660,1
2661,Cluster 2661,1
2662,Cluster 2662,1
2663,Cluster 2663,1
2664,Cluster 2664,1
2665,Cluster 2665,1
2666,Cluster 2666,1
2667,Cluster 2667,1
2668,Cluster 2668,1
2669,Cluster 2669,1
2670,Cluster 2670,1
2671,Cluster 2671,1
2672,Cluster 2672,1
2673,Cluster 2673,1
2674,Cluster 2674,1
2675,Cluster 2675,1
2676,Cluster 2676,1
2677,Cluster 2677,1
2678,Cluster 2678,1
2679,Cluster 2679,1
2680,Cluster 2680,1
2681,Cluster 2681,1
2682,Cluster 2682,1
2683,Cluster 2683,1
2684,Cluster 2684,1
2685,Cluster 2685,1
2686,Cluster 2686,1
2687,Cluster 2687,1
2688,Cluster 2688,1
2689,Cluster 2689,1
2690,Cluster 2690,1
2691,Cluster 2691,1
2692,Cluster 2692,1
2693,Cluster 2693,1
2694,Cluster 2694,1
2695,Cluster 2695,1
2696,Cluster 2696,1
2697,Cluster 2697,2
2698,Cluster 2698,2
2699,Cluster 2699,1
2700,Cluster 2700,1
2701,Cluster 2701,1
2702,Cluster 2702,1
2703,Cluster 2703,2
2704,Cluster 2704,1
2705,Cluster 2705,1
2706,Cluster 2706,1
2707,Cluster 2707,1
2708,Cluster 2708,1
2709,Cluster 2709,1
2710,Cluster 2710,1
2711,Cluster 2711,1
2712,Cluster 2712,1
2713,Cluster 2713,2
2714,Cluster 2714,1
2715,Cluster 2715,1
2716,Cluster 2716,1
2717,Cluster 2717,1
2718,Cluster 2718,1
2719,Cluster 2719,1
2720,Cluster 2720,1
2721,Cluster 2721,1
2722,Cluster 2722,1
2723,Cluster 2723,1
2724,Cluster 2724,1
2725,Cluster 2725,1
2726,Cluster 2726,2
2727,Cluster 2727,1
2728,Cluster 2728,1
2729,Cluster 2729,1
2730,Cluster 2730,1
2731,Cluster 2731,1
2732,Cluster 2732,1
2733,Cluster 2733,1
2734,Cluster 2734,1
2735,Cluster 2735,1
2736,Cluster 2736,1
2737,Cluster 2737,1
2738,Cluster 2738,1
2739,Cluster 2739,1
2740,Cluster 2740,1
2741,Cluster 2741,1
2742,Cluster 2742,1
2743,Cluster 2743,1
2744,Cluster 2744,1
2745,Cluster 2745,1
2746,Cluster 2746,1
2747,Cluster 2747,1
2748,Cluster 2748,1
2749,Cluster 2749,1
2750,Cluster 2750,1
2751,Cluster 2751,1
2752,Cluster 2752,1
2753,Cluster 2753,1
2754,Cluster 2754,1
2755,Cluster 2755,1
2756,Cluster 2756,1
2757,Cluster 2757,1
2758,Cluster 2758,1
2759,Cluster 2759,1
2760,Cluster 2760,1
2761,Cluster 2761,1
2762,Cluster 2762,1
2763,Cluster 2763,1
2764,Cluster 2764,1
2765,Cluster 2765,1
2766,Cluster 2766,1
2767,Cluster 2767,1
2768,Cluster 2768,1
2769,Cluster 2769,1
2770,Cluster 2770,1
2771,Cluster 2771,1
2772,Cluster 2772,1
2773,Cluster 2773,1
2774,Cluster 2774,1
2775,Cluster 2775,1
2776,Cluster 2776,1
2777,Cluster 2777,1
2778,Cluster 2778,1
2779,Cluster 2779,1
2780,Cluster 2780,1
2781,Cluster 2781,1
2782,Cluster 2782,1
2783,Cluster 2783,1
2784,Cluster 2784,2
2785,Cluster 2785,1
2786,Cluster 2786,1
2787,Cluster 2787,1
2788,Cluster 2788,1
2789,Cluster 2789,1
2790,Cluster 2790,1
2791,Cluster 2791,1
2792,Cluster 2792,1
2793,Cluster 2793,1
2794,Cluster 2794,1
2795,Cluster 2795,1
2796,Cluster 2796,1
2797,Cluster 2797,1
2798,Cluster 2798,1
2799,Cluster 2799,1
2800,Cluster 2800,1
2801,Cluster 2801,1
2802,Cluster 2802,1
2803,Cluster 2803,1
2804,Cluster 2804,1
2805,Cluster 2805,1
2806,Cluster 2806,1
2807,Cluster 2807,1
2808,Cluster 2808,1
2809,Cluster 2809,1
2810,Cluster 2810,1
2811,Cluster 2811,1
2812,Cluster 2812,1
2813,Cluster 2813,1
2814,Cluster 2814,1
2815,Cluster 2815,1
2816,Cluster 2816,1
2817,Cluster 2817,1
2818,Cluster 2818,1
2819,Cluster 2819,1
2820,Cluster 2820,1
2821,Cluster 2821,1
2822,Cluster 2822,1
2823,Cluster 2823,1
2824,Cluster 2824,1
2825,Cluster 2825,1
2826,Cluster 2826,1
2827,Cluster 2827,1
2828,Cluster 2828,1
2829,Cluster 2829,1
2830,Cluster 2830,1
2831,Cluster 2831,1
2832,Cluster 2832,1
2833,Cluster 2833,1
2834,Cluster 2834,1
2835,Cluster 2835,1
2836,Cluster 2836,1
2837,Cluster 2837,1
2838,Cluster 2838,1
2839,Cluster 2839,1
2840,Cluster 2840,1
2841,Cluster 2841,1
2842,Cluster 2842,1
2843,Cluster 2843,1
2844,Cluster 2844,1
2845,Cluster 2845,1
2846,Cluster 2846,1
2847,Cluster 2847,1
2848,Cluster 2848,1
2849,Cluster 2849,1
2850,Cluster 2850,1
2851,Cluster 2851,1
2852,Cluster 2852,1
2853,Cluster 2853,1
2854,Cluster 2854,1
2855,Cluster 2855,1
2856,Cluster 2856,1
2857,Cluster 2857,1
2858,Cluster 2858,1
2859,Cluster 2859,1
2860,Cluster 2860,1
2861,Cluster 2861,1
2862,Cluster 2862,1
2863,Cluster 2863,1
2864,Cluster 2864,1
2865,Cluster 2865,1
2866,Cluster 2866,1
2867,Cluster 2867,1
2868,Cluster 2868,1
2869,Cluster 2869,1
2870,Cluster 2870,1
2871,Cluster 2871,1
2872,Cluster 2872,1
2873,Cluster 2873,1
2874,Cluster 2874,1
2875,Cluster 2875,1
2876,Cluster 2876,1
2877,Cluster 2877,1
2878,Cluster 2878,1
2879,Cluster 2879,1
2880,Cluster 2880,1
2881,Cluster 2881,1
2882,Cluster 2882,1
2883,Cluster 2883,1
2884,Cluster 2884,1
2885,Cluster 2885,1
2886,Cluster 2886,1
2887,Cluster 2887,1
2888,Cluster 2888,1
2889,Cluster 2889,1
2890,Cluster 2890,1
2891,Cluster 2891,1
2892,Cluster 2892,1
2893,Cluster 2893,1
2894,Cluster 2894,1
2895,Cluster 2895,1
2896,Cluster 2896,1
2897,Cluster 2897,1
2898,Cluster 2898,1
2899,Cluster 2899,1
2900,Cluster 2900,1
2901,Cluster 2901,1
2902,Cluster 2902,1
2903,Cluster 2903,1
2904,Cluster 2904,1
2905,Cluster 2905,1
2906,Cluster 2906,1
2907,Cluster 2907,1
2908,Cluster 2908,1
2909,Cluster 2909,1
2910,Cluster 2910,1
2911,Cluster 2911,1
2912,Cluster 2912,1
2913,Cluster 2913,1
2914,Cluster 2914,1
2915,Cluster 2915,1
2916,Cluster 2916,1
2917,Cluster 2917,1
2918,Cluster 2918,1
2919,Cluster 2919,1
2920,Cluster 2920,1
2921,Cluster 2921,1
2922,Cluster 2922,1
2923,Cluster 2923,1
2924,Cluster 2924,1
2925,Cluster 2925,1
2926,Cluster 2926,1
2927,Cluster 2927,1
2928,Cluster 2928,1
2929,Cluster 2929,1
2930,Cluster 2930,1
2931,Cluster 2931,1
2932,Cluster 2932,1
2933,Cluster 2933,1
2934,Cluster 2934,1
2935,Cluster 2935,1
2936,Cluster 2936,1
2937,Cluster 2937,1
2938,Cluster 2938,1
2939,Cluster 2939,1
2940,Cluster 2940,1
2941,Cluster 2941,1
2942,Cluster 2942,1
2943,Cluster 2943,1
2944,Cluster 2944,1
2945,Cluster 2945,1
2946,Cluster 2946,1
2947,Cluster 2947,1
2948,Cluster 2948,1
2949,Cluster 2949,1
2950,Cluster 2950,1
2951,Cluster 2951,1
2952,Cluster 2952,1
2953,Cluster 2953,1
2954,Cluster 2954,1
2955,Cluster 2955,1
2956,Cluster 2956,1
2957,Cluster 2957,1
2958,Cluster 2958,1
2959,Cluster 2959,1
2960,Cluster 2960,1
2961,Cluster 2961,1
2962,Cluster 2962,1
2963,Cluster 2963,1
2964,Cluster 2964,1
2965,Cluster 2965,1
2966,Cluster 2966,1
2967,Cluster 2967,1
2968,Cluster 2968,1
2969,Cluster 2969,1
2970,Cluster 2970,1
2971,Cluster 2971,1
2972,Cluster 2972,1
2973,Cluster 2973,1
2974,Cluster 2974,2
2975,Cluster 2975,1
2976,Cluster 2976,1
2977,Cluster 2977,1
2978,Cluster 2978,1
2979,Cluster 2979,1
2980,Cluster 2980,1
2981,Cluster 2981,1
2982,Cluster 2982,1
2983,Cluster 2983,1
2984,Cluster 2984,1
2985,Cluster 2985,1
2986,Cluster 2986,1
2987,Cluster 2987,1
2988,Cluster 2988,1
2989,Cluster 2989,1
2990,Cluster 2990,2
2991,Cluster 2991,1
2992,Cluster 2992,1
2993,Cluster 2993,1
2994,Cluster 2994,1
2995,Cluster 2995,1
2996,Cluster 2996,1
2997,Cluster 2997,1
2998,Cluster 2998,1
2999,Cluster 2999,1
3000,Cluster 3000,1
3001,Cluster 3001,1
3002,Cluster 3002,1
3003,Cluster 3003,1
3004,Cluster 3004,1
3005,Cluster 3005,1
3006,Cluster 3006,1
3007,Cluster 3007,1
3008,Cluster 3008,1
3009,Cluster 3009,1
3010,Cluster 3010,1
3011,Cluster 3011,1
3012,Cluster 3012,1
3013,Cluster 3013,2
3014,Cluster 3014,1
3015,Cluster 3015,1
3016,Cluster 3016,1
3017,Cluster 3017,1
3018,Cluster 3018,1
3019,Cluster 3019,1
3020,Cluster 3020,1
3021,Cluster 3021,1
3022,Cluster 3022,1
3023,Cluster 3023,1
3024,Cluster 3024,1
3025,Cluster 3025,1
3026,Cluster 3026,1
3027,Cluster 3027,1
3028,Cluster 3028,1
3029,Cluster 3029,1
3030,Cluster 3030,1
3031,Cluster 3031,1
3032,Cluster 3032,1
3033,Cluster 3033,1
3034,Cluster 3034,1
3035,Cluster 3035,1
3036,Cluster 3036,1
3037,Cluster 3037,1
3038,Cluster 3038,1
3039,Cluster 3039,1
3040,Cluster 3040,1
3041,Cluster 3041,1
3042,Cluster 3042,1
3043,Cluster 3043,1
3044,Cluster 3044,1
3045,Cluster 3045,1
3046,Cluster 3046,1
3047,Cluster 3047,1
3048,Cluster 3048,1
3049,Cluster 3049,1
3050,Cluster 3050,1
3051,Cluster 3051,1
3052,Cluster 3052,1
3053,Cluster 3053,1
3054,Cluster 3054,1
3055,Cluster 3055,1
3056,Cluster 3056,1
3057,Cluster 3057,1
3058,Cluster 3058,1
3059,Cluster 3059,1
3060,Cluster 3060,1
3061,Cluster 3061,1
3062,Cluster 3062,1
3063,Cluster 3063,1
3064,Cluster 3064,1
3065,Cluster 3065,1
3066,Cluster 3066,1
3067,Cluster 3067,1
3068,Cluster 3068,1
3069,Cluster 3069,1
3070,Cluster 3070,1
3071,Cluster 3071,1
3072,Cluster 3072,1
3073,Cluster 3073,1
3074,Cluster 3074,1
3075,Cluster 3075,1
3076,Cluster 3076,1
3077,Cluster 3077,1
3078,Cluster 3078,1
3079,Cluster 3079,1
3080,Cluster 3080,2
3081,Cluster 3081,1
3082,Cluster 3082,1
3083,Cluster 3083,1
3084,Cluster 3084,1
3085,Cluster 3085,1
3086,Cluster 3086,3
3087,Cluster 3087,1
3088,Cluster 3088,1
3089,Cluster 3089,1
3090,Cluster 3090,1
3091,Cluster 3091,1
3092,Cluster 3092,1
3093,Cluster 3093,1
3094,Cluster 3094,1
3095,Cluster 3095,1
3096,Cluster 3096,1
3097,Cluster 3097,1
3098,Cluster 3098,1
3099,Cluster 3099,1
3100,Cluster 3100,1
3101,Cluster 3101,1
3102,Cluster 3102,1
3103,Cluster 3103,1
3104,Cluster 3104,1
3105,Cluster 3105,1
3106,Cluster 3106,1
3107,Cluster 3107,1
3108,Cluster 3108,1
3109,Cluster 3109,1
3110,Cluster 3110,1
3111,Cluster 3111,1
3112,Cluster 3112,1
3113,Cluster 3113,1
3114,Cluster 3114,1
3115,Cluster 3115,1
3116,Cluster 3116,1
3117,Cluster 3117,1
3118,Cluster 3118,1
3119,Cluster 3119,1
3120,Cluster 3120,1
3121,Cluster 3121,1
3122,Cluster 3122,1
3123,Cluster 3123,1
3124,Cluster 3124,1
3125,Cluster 3125,1
3126,Cluster 3126,1
3127,Cluster 3127,1
3128,Cluster 3128,1
3129,Cluster 3129,1
3130,Cluster 3130,1
3131,Cluster 3131,1
3132,Cluster 3132,1
3133,Cluster 3133,1
3134,Cluster 3134,1
3135,Cluster 3135,1
3136,Cluster 3136,1
3137,Cluster 3137,1
3138,Cluster 3138,1
3139,Cluster 3139,1
3140,Cluster 3140,1
3141,Cluster 3141,1
3142,Cluster 3142,1
3143,Cluster 3143,1
3144,Cluster 3144,1
3145,Cluster 3145,1
3146,Cluster 3146,1
3147,Cluster 3147,1
3148,Cluster 3148,1
3149,Cluster 3149,1
3150,Cluster 3150,1
3151,Cluster 3151,1
3152,Cluster 3152,1
3153,Cluster 3153,1
3154,Cluster 3154,1
3155,Cluster 3155,1
3156,Cluster 3156,1
3157,Cluster 3157,1
3158,Cluster 3158,1
3159,Cluster 3159,1
3160,Cluster 3160,1
3161,Cluster 3161,1
3162,Cluster 3162,1
3163,Cluster 3163,1
3164,Cluster 3164,1
3165,Cluster 3165,1
3166,Cluster 3166,1
3167,Cluster 3167,1
3168,Cluster 3168,1
3169,Cluster 3169,1
3170,Cluster 3170,1
3171,Cluster 3171,1
3172,Cluster 3172,1
3173,Cluster 3173,1
3174,Cluster 3174,1
3175,Cluster 3175,1
3176,Cluster 3176,1
3177,Cluster 3177,1
3178,Cluster 3178,1
3179,Cluster 3179,1
3180,Cluster 3180,1
3181,Cluster 3181,1
3182,Cluster 3182,1
3183,Cluster 3183,1
3184,Cluster 3184,1
3185,Cluster 3185,1
3186,Cluster 3186,1
3187,Cluster 3187,1
3188,Cluster 3188,1
3189,Cluster 3189,1
3190,Cluster 3190,1
3191,Cluster 3191,1
3192,Cluster 3192,1
3193,Cluster 3193,1
3194,Cluster 3194,1
3195,Cluster 3195,1
3196,Cluster 3196,2
3197,Cluster 3197,1
3198,Cluster 3198,1
3199,Cluster 3199,1
3200,Cluster 3200,1
3201,Cluster 3201,1
3202,Cluster 3202,1
3203,Cluster 3203,1
3204,Cluster 3204,1
3205,Cluster 3205,1
3206,Cluster 3206,1
3207,Cluster 3207,1
3208,Cluster 3208,1
3209,Cluster 3209,1
3210,Cluster 3210,1
3211,Cluster 3211,1
3212,Cluster 3212,1
3213,Cluster 3213,1
3214,Cluster 3214,1
3215,Cluster 3215,1
3216,Cluster 3216,1
3217,Cluster 3217,1
3218,Cluster 3218,1
3219,Cluster 3219,2
3220,Cluster 3220,1
3221,Cluster 3221,1
3222,Cluster 3222,1
3223,Cluster 3223,2
3224,Cluster 3224,1
3225,Cluster 3225,1
3226,Cluster 3226,1
3227,Cluster 3227,1
3228,Cluster 3228,1
3229,Cluster 3229,1
3230,Cluster 3230,1
3231,Cluster 3231,1
3232,Cluster 3232,1
3233,Cluster 3233,1
3234,Cluster 3234,1
3235,Cluster 3235,1
3236,Cluster 3236,1
3237,Cluster 3237,1
3238,Cluster 3238,1
3239,Cluster 3239,1
3240,Cluster 3240,1
3241,Cluster 3241,1
3242,Cluster 3242,1
3243,Cluster 3243,1
3244,Cluster 3244,1
3245,Cluster 3245,1
3246,Cluster 3246,1
3247,Cluster 3247,1
3248,Cluster 3248,1
3249,Cluster 3249,1
3250,Cluster 3250,1
3251,Cluster 3251,1
3252,Cluster 3252,1
3253,Cluster 3253,1
3254,Cluster 3254,1
3255,Cluster 3255,1
3256,Cluster 3256,1
3257,Cluster 3257,1
3258,Cluster 3258,1
3259,Cluster 3259,1
3260,Cluster 3260,1
3261,Cluster 3261,1
3262,Cluster 3262,1
3263,Cluster 3263,1
3264,Cluster 3264,1
3265,Cluster 3265,1
3266,Cluster 3266,1
3267,Cluster 3267,1
3268,Cluster 3268,1
3269,Cluster 3269,1
3270,Cluster 3270,1
3271,Cluster 3271,1
3272,Cluster 3272,1
3273,Cluster 3273,1
3274,Cluster 3274,1
3275,Cluster 3275,1
3276,Cluster 3276,1
3277,Cluster 3277,1
3278,Cluster 3278,1
3279,Cluster 3279,1
3280,Cluster 3280,1
3281,Cluster 3281,1
3282,Cluster 3282,1
3283,Cluster 3283,1
3284,Cluster 3284,1
3285,Cluster 3285,1
3286,Cluster 3286,1
3287,Cluster 3287,1
3288,Cluster 3288,1
3289,Cluster 3289,1
3290,Cluster 3290,1
3291,Cluster 3291,1
3292,Cluster 3292,1
3293,Cluster 3293,1
3294,Cluster 3294,1
3295,Cluster 3295,1
3296,Cluster 3296,1
3297,Cluster 3297,1
3298,Cluster 3298,1
3299,Cluster 3299,1
3300,Cluster 3300,1
3301,Cluster 3301,2
3302,Cluster 3302,1
3303,Cluster 3303,1
3304,Cluster 3304,1
3305,Cluster 3305,1
3306,Cluster 3306,1
3307,Cluster 3307,1
3308,Cluster 3308,1
3309,Cluster 3309,1
3310,Cluster 3310,1
3311,Cluster 3311,2
3312,Cluster 3312,1
3313,Cluster 3313,1
3314,Cluster 3314,1
3315,Cluster 3315,1
3316,Cluster 3316,1
3317,Cluster 3317,1
3318,Cluster 3318,1
3319,Cluster 3319,1
3320,Cluster 3320,1
3321,Cluster 3321,1
3322,Cluster 3322,1
3323,Cluster 3323,1
3324,Cluster 3324,1
3325,Cluster 3325,1
3326,Cluster 3326,1
3327,Cluster 3327,1
3328,Cluster 3328,1
3329,Cluster 3329,1
3330,Cluster 3330,1
3331,Cluster 3331,1
3332,Cluster 3332,1
3333,Cluster 3333,1
3334,Cluster 3334,1
3335,Cluster 3335,1
3336,Cluster 3336,1
3337,Cluster 3337,1
3338,Cluster 3338,1
3339,Cluster 3339,1
3340,Cluster 3340,1
3341,Cluster 3341,1
3342,Cluster 3342,1
3343,Cluster 3343,1
3344,Cluster 3344,1
3345,Cluster 3345,1
3346,Cluster 3346,1
3347,Cluster 3347,1
3348,Cluster 3348,1
3349,Cluster 3349,1
3350,Cluster 3350,1
3351,Cluster 3351,1
3352,Cluster 3352,1
3353,Cluster 3353,1
3354,Cluster 3354,2
3355,Cluster 3355,1
3356,Cluster 3356,1
3357,Cluster 3357,1
3358,Cluster 3358,1
3359,Cluster 3359,1
3360,Cluster 3360,1
3361,Cluster 3361,1
3362,Cluster 3362,1
3363,Cluster 3363,1
3364,Cluster 3364,1
3365,Cluster 3365,1
3366,Cluster 3366,1
3367,Cluster 3367,1
3368,Cluster 3368,1
3369,Cluster 3369,1
3370,Cluster 3370,1
3371,Cluster 3371,1
3372,Cluster 3372,1
3373,Cluster 3373,1
3374,Cluster 3374,1
3375,Cluster 3375,1
3376,Cluster 3376,1
3377,Cluster 3377,2
3378,Cluster 3378,1
3379,Cluster 3379,1
3380,Cluster 3380,1
3381,Cluster 3381,1
3382,Cluster 3382,1
3383,Cluster 3383,1
3384,Cluster 3384,1
3385,Cluster 3385,1
3386,Cluster 3386,1
3387,Cluster 3387,1
3388,Cluster 3388,1
3389,Cluster 3389,1
3390,Cluster 3390,1
3391,Cluster 3391,1
3392,Cluster 3392,1
3393,Cluster 3393,1
3394,Cluster 3394,1
3395,Cluster 3395,1
3396,Cluster 3396,1
3397,Cluster 3397,1
3398,Cluster 3398,1
3399,Cluster 3399,1
3400,Cluster 3400,1
3401,Cluster 3401,1
3402,Cluster 3402,1
3403,Cluster 3403,1
3404,Cluster 3404,1
3405,Cluster 3405,1
3406,Cluster 3406,1
3407,Cluster 3407,1
3408,Cluster 3408,1
3409,Cluster 3409,1
3410,Cluster 3410,1
3411,Cluster 3411,1
3412,Cluster 3412,1
3413,Cluster 3413,1
3414,Cluster 3414,1
3415,Cluster 3415,1
3416,Cluster 3416,1
3417,Cluster 3417,1
3418,Cluster 3418,1
3419,Cluster 3419,1
3420,Cluster 3420,1
3421,Cluster 3421,1
3422,Cluster 3422,1
3423,Cluster 3423,1
3424,Cluster 3424,1
3425,Cluster 3425,1
3426,Cluster 3426,1
3427,Cluster 3427,1
3428,Cluster 3428,1
3429,Cluster 3429,1
3430,Cluster 3430,1
3431,Cluster 3431,1
3432,Cluster 3432,1
3433,Cluster 3433,1
3434,Cluster 3434,1
3435,Cluster 3435,1
3436,Cluster 3436,1
3437,Cluster 3437,1
3438,Cluster 3438,1
3439,Cluster 3439,1
3440,Cluster 3440,1
3441,Cluster 3441,1
3442,Cluster 3442,1
3443,Cluster 3443,1
3444,Cluster 3444,1
3445,Cluster 3445,1
3446,Cluster 3446,1
3447,Cluster 3447,1
3448,Cluster 3448,1
3449,Cluster 3449,1
3450,Cluster 3450,1
3451,Cluster 3451,1
3452,Cluster 3452,1
3453,Cluster 3453,1
3454,Cluster 3454,1
3455,Cluster 3455,1
3456,Cluster 3456,1
3457,Cluster 3457,1
3458,Cluster 3458,1
3459,Cluster 3459,1
3460,Cluster 3460,1
3461,Cluster 3461,1
3462,Cluster 3462,2
3463,Cluster 3463,1
3464,Cluster 3464,1
3465,Cluster 3465,1
3466,Cluster 3466,1
3467,Cluster 3467,1
3468,Cluster 3468,1
3469,Cluster 3469,1
3470,Cluster 3470,1
3471,Cluster 3471,1
3472,Cluster 3472,1
3473,Cluster 3473,1
3474,Cluster 3474,1
3475,Cluster 3475,1
3476,Cluster 3476,1
3477,Cluster 3477,1
3478,Cluster 3478,1
3479,Cluster 3479,1
3480,Cluster 3480,1
3481,Cluster 3481,1
3482,Cluster 3482,1
3483,Cluster 3483,1
3484,Cluster 3484,1
3485,Cluster 3485,1
3486,Cluster 3486,1
3487,Cluster 3487,1
3488,Cluster 3488,1
3489,Cluster 3489,1
3490,Cluster 3490,1
3491,Cluster 3491,1
3492,Cluster 3492,1
3493,Cluster 3493,1
3494,Cluster 3494,1
3495,Cluster 3495,1
3496,Cluster 3496,1
3497,Cluster 3497,1
3498,Cluster 3498,1
3499,Cluster 3499,1
3500,Cluster 3500,1
3501,Cluster 3501,1
3502,Cluster 3502,1
3503,Cluster 3503,1
3504,Cluster 3504,1
3505,Cluster 3505,1
3506,Cluster 3506,1
3507,Cluster 3507,1
3508,Cluster 3508,1
3509,Cluster 3509,1
3510,Cluster 3510,1
3511,Cluster 3511,1
3512,Cluster 3512,1
3513,Cluster 3513,1
3514,Cluster 3514,1
3515,Cluster 3515,2
3516,Cluster 3516,1
3517,Cluster 3517,1
3518,Cluster 3518,1
3519,Cluster 3519,1
3520,Cluster 3520,1
3521,Cluster 3521,1
3522,Cluster 3522,1
3523,Cluster 3523,1
3524,Cluster 3524,1
3525,Cluster 3525,1
3526,Cluster 3526,1
3527,Cluster 3527,1
3528,Cluster 3528,1
3529,Cluster 3529,1
3530,Cluster 3530,1
3531,Cluster 3531,1
3532,Cluster 3532,1
3533,Cluster 3533,1
3534,Cluster 3534,1
3535,Cluster 3535,1
3536,Cluster 3536,1
3537,Cluster 3537,1
3538,Cluster 3538,1
3539,Cluster 3539,1
3540,Cluster 3540,2
3541,Cluster 3541,1
3542,Cluster 3542,1
3543,Cluster 3543,1
3544,Cluster 3544,1
3545,Cluster 3545,1
3546,Cluster 3546,1
3547,Cluster 3547,1
3548,Cluster 3548,1
3549,Cluster 3549,1
3550,Cluster 3550,1
3551,Cluster 3551,1
3552,Cluster 3552,1
3553,Cluster 3553,1
3554,Cluster 3554,1
3555,Cluster 3555,1
3556,Cluster 3556,2
3557,Cluster 3557,1
3558,Cluster 3558,1
3559,Cluster 3559,1
3560,Cluster 3560,1
3561,Cluster 3561,1
3562,Cluster 3562,1
3563,Cluster 3563,1
3564,Cluster 3564,1
3565,Cluster 3565,1
3566,Cluster 3566,1
3567,Cluster 3567,1
3568,Cluster 3568,1
3569,Cluster 3569,1
3570,Cluster 3570,1
3571,Cluster 3571,1
3572,Cluster 3572,1
3573,Cluster 3573,1
3574,Cluster 3574,1
3575,Cluster 3575,1
3576,Cluster 3576,1
3577,Cluster 3577,1
3578,Cluster 3578,1
3579,Cluster 3579,1
3580,Cluster 3580,1
3581,Cluster 3581,1
3582,Cluster 3582,1
3583,Cluster 3583,1
3584,Cluster 3584,1
3585,Cluster 3585,1
3586,Cluster 3586,1
3587,Cluster 3587,1
3588,Cluster 3588,1
3589,Cluster 3589,1
3590,Cluster 3590,1
3591,Cluster 3591,1
3592,Cluster 3592,1
3593,Cluster 3593,1
3594,Cluster 3594,1
3595,Cluster 3595,1
3596,Cluster 3596,1
3597,Cluster 3597,1
3598,Cluster 3598,1
3599,Cluster 3599,1
3600,Cluster 3600,1
3601,Cluster 3601,1
3602,Cluster 3602,1
3603,Cluster 3603,1
3604,Cluster 3604,1
3605,Cluster 3605,1
3606,Cluster 3606,1
3607,Cluster 3607,1
3608,Cluster 3608,1
3609,Cluster 3609,1
3610,Cluster 3610,1
3611,Cluster 3611,1
3612,Cluster 3612,1
3613,Cluster 3613,1
3614,Cluster 3614,1
3615,Cluster 3615,1
3616,Cluster 3616,1
3617,Cluster 3617,1
3618,Cluster 3618,1
3619,Cluster 3619,1
3620,Cluster 3620,1
3621,Cluster 3621,1
3622,Cluster 3622,1
3623,Cluster 3623,1
3624,Cluster 3624,1
3625,Cluster 3625,1
3626,Cluster 3626,1
3627,Cluster 3627,1
3628,Cluster 3628,1
3629,Cluster 3629,1
3630,Cluster 3630,1
3631,Cluster 3631,1
3632,Cluster 3632,1
3633,Cluster 3633,1
3634,Cluster 3634,1
3635,Cluster 3635,1
3636,Cluster 3636,1
3637,Cluster 3637,1
3638,Cluster 3638,1
3639,Cluster 3639,1
3640,Cluster 3640,1
3641,Cluster 3641,1
3642,Cluster 3642,1
3643,Cluster 3643,1
3644,Cluster 3644,1
3645,Cluster 3645,1
3646,Cluster 3646,1
3647,Cluster 3647,1
3648,Cluster 3648,1
3649,Cluster 3649,1
3650,Cluster 3650,1
3651,Cluster 3651,1
3652,Cluster 3652,1
3653,Cluster 3653,1
3654,Cluster 3654,1
3655,Cluster 3655,1
3656,Cluster 3656,1
3657,Cluster 3657,1
3658,Cluster 3658,1
3659,Cluster 3659,1
3660,Cluster 3660,1
3661,Cluster 3661,1
3662,Cluster 3662,1
3663,Cluster 3663,1
3664,Cluster 3664,1
3665,Cluster 3665,1
3666,Cluster 3666,1
3667,Cluster 3667,1
3668,Cluster 3668,1
3669,Cluster 3669,1
3670,Cluster 3670,1
3671,Cluster 3671,1
